jobCpy,jobTitle,jobMes,jobSal,jobCon,jobAdd,jobUrl
深圳市涌浪网络技术有限公司,"
Python工程师（爬虫方向）","
深圳-南山区|无工作经验|本科|招若干人|08-18发布|计算机科学与技术 软件工程",15-20万/年,"你会负责：
* 日均千万次抓取请求的分布式爬虫框架的优化与升级；
* 开发新的网站爬虫，并撰写相关设计文档；
* 协助架构师设计并实现爬虫数据质量监控平台；
* 协助数据分析师，完成数据清洗、评估以及可视化。
（我们将会安排优秀的工程师带你学习公司现有的爬虫框架，了解爬虫相关前沿技术，让你快速融入到公司的开发氛围。）
希望你：
* 本科及以上学历；
* 1年及以上python项目独立开发经验，具备良好的文档撰写能力；
* 熟悉scrapy、pyspider等爬虫框架者优先，拥有数据抓取经验者优先；
* 熟悉MySQL等关系型数据库以及SQL语言，至少掌握一种NoSQL数据库，了解mongodb数据库者优先；
* 熟悉计算机网络、数据结构以及常用算法，对网络、存储性能优化有了解者优先；
* 具有较强的主动学习能力、良好的沟通表达能力。
关于我们：
* 我们是一个年轻的卧卧平台数据科学团队，希望使用技术改变商业世界，实现数据驱动的精细化研究、运营与决策。
加入我们：
* 我们专注于前沿技术和产品的研发，包括数据采集沉淀 /分布式处理和存储 /高性能实时运算 /数据挖掘 /自然语言处理 /数据可视化。每天的工作都充满了挑战性，一定不会无聊。
* 我们的团队很扁平，只有协作没有层级。我们有高度自治的工作氛围，每一个人都有充分的自主权选择更优秀的方案完成自己负责的工作。
* 我们主力语言是 Python 、 Java 和 Javascript ，技术栈包含  MongoDB  、 Docker ，以及各种自己开发维护的黑科技。我们有着浓厚的工程师文化，乐于尝试大量的开源项目，并做出贡献。
* - 如果你擅长并热爱这份工作，我们非常期待你的加入，一起改变世界
职能类别：
大数据开发/分析
高级软件工程师
关键字：
Python工程师
Python
爬虫",沙河世纪假日广场B座507/514,https://jobs.51job.com/shenzhen-nsq/95338712.html?s=01&t=0
桑尼号（深圳）科技有限公司,"
python爬虫工程师","
深圳-南山区|3-4年经验|本科|招1人|06-21发布",1.5-2万/月,"岗位职责：
    1. 负责数据采集，参与爬虫架构的设计与研究；
    2. 编写新的数据抓取程序，提高网页抓取的效率和质量等问题；
    3. 参与爬虫核心算法和策略优化,熟悉采集系统的调度策略；
    4. 负责网页信息抽取优化
    任职资格：
    1. 计算机相关专业,精通数据结构和数据算法；
    2. 熟悉网页抓取原理及技术，熟悉基于Cookie的网站登录原理，
    3. 熟悉基于正则表达式、XPath、CSS等网页信息抽取技术
    4. 4年以上大规模网页爬虫开发经验；
    5. 熟悉熟练使用python；
    6. 熟悉分布式系统的设计和应用
    7. 有良好的沟通和学习能力、有较强的团队协作能力以及快速解决问题的能力。
公司位于：南山科技园北理工创新大厦603（5A级新办公环境，2号线“科苑”站D出口500米即到）
公司属新兴互联网+人力资源创业公司，创始人是行业风云标杆、大咖级人物；
老板Nice 扁平人性化管理；各种薪酬福利齐全走心：
1、五险一金、双休、年终奖只是标配
2、弹性上下班、加班餐补、交通补贴、下午茶、生日会、团建、旅游……还有更多让你想不到的惊喜！
公司官网：www.sunny-chn.com
职能类别：
大数据开发/分析
关键字：
精通数据结构",南山区粤兴五道9号北理工创新大厦603室,https://jobs.51job.com/shenzhen-nsq/99416260.html?s=01&t=0
深圳市财税无忧科技有限公司,"
Python爬虫工程师","
深圳|3-4年经验|招若干人|07-30发布",1-1.5万/月,"岗位职责
1.负责内容爬取后，开发抽取规则，对精选内容进行批量抽取，并不断细化规则和维护整个工作的稳定性。
2.负责设计和开发网络爬虫应用，进行互联网相关信息的抓取和分析；
3.负责网页信息抽取技术的研究和开发；
4.负责解决爬取过程中的问题；
 任职要求：
1、熟悉网页抓取原理及技术，熟悉基于Cookie的网站登录原理，熟悉基于正则表达式、Xpath、CSS等网页信息；
2、精通Python/java 编程语言，精通Javascript，对HTTP协议及HTML有深入的了解；
3、精通正则表达式，用于从各种网络结构化和非结构化数据中抽取有用的信息；
4、熟练掌握数据库开发，对数据处理和数据质量有较深认识；精通至少一种主流数据NoSQL、mysql数据库；
5、熟悉http client、js, ajax, webdriver、htmlunit、Nutch、selenium、ETL、HtmlParser、Jsoup，webmagic等技术优先；
6、有海量数据爬取经验者优先；有爬取过微博，，淘宝等平台数据优先；具有自然语言处理、机器学习背景优先。
7、经验3-5年 / 大专及以上 / 全职
工作地点：深圳
工资待遇 10K-15K以上
联系人：张小姐 13544249005
职能类别：
高级软件工程师",福田区竹子林,https://jobs.51job.com/shenzhen/96342959.html?s=01&t=0
深圳市光速度科技有限公司,"
Python开发工程师（坂田）","
深圳-龙岗区|1年经验|大专|招2人|08-18发布",6-9千/月,"岗位职责：
1、负责搭建电商平台系统，并完成数据建立模型；
2、负责企业信息运营及ERP实施；
3、负责企业信息系统及数据库的设计与开发；
4、设计爬虫策略和防屏蔽规则，解决封账号、封IP、验证码等难点攻克。
5、搭建高性能的技术架构，不断提升网页抓取的效率和质量。
6、公司分配的的其它任务。
任职要求：
1、熟悉php，python,能独立搭建网站，至少一年以上相关工作经验。
2、熟悉至少一种框架Thinkphp、Django、flask、Scrapy。
3、爬虫相关工作经验,负责内容爬取后，开发抽取规则，对精选内容进行批量抽取,进行数据去重。
4、熟悉常用网络协议，熟悉http代理、模拟登录，动态数据获取等，有扎实的数据结构基础和编码能力。
5、熟悉MySQL、Mongodb等主流数据库。
职能类别：
技术支持/维护工程师
关键字：
Python开发
PHP
数据
开发
工程师",深圳市龙岗区坂田坂雪岗大道宏奕产业园区内坂雪创业园三楼（世纪华茂百货旁）,https://jobs.51job.com/shenzhen-lgq/103806875.html?s=01&t=0
深圳齐牛互联网金融服务有限公司,"
Python开发工程师","
深圳-南山区|无工作经验|招1人|08-18发布",1.5-2万/月,"岗位职责：
1、结合公司的金融科技相关业务，参与公司大数据项目的相关研究和开发工作。
2、设计相关数据和技术方案，运用合适技术，解决项目遇到的问题。
3、参与项目模块设计和业务逻辑开发等工作。
岗位要求：
1、计算机类相关专业本科及以上学历，3年以上互联网开发经验；
2、专业基础扎实，对数据结构及常用算法、计算机网络基础及应用层协议、操作系统原理及应用等内容有较深入认识；
3、满足以下至少一项要求：
    熟悉Java语言体系相关技术，Spring、MyBatis等开源框架应用经验丰富；
    熟悉Python语言，能熟练使用标准库及其他重要的第三方库；
    对前端（包括但不限于Android、iOS、Web、Windows应用程序）开发体系有较深入理解，熟悉相关平台的研发辅助工具；
4、熟悉Linux使用，掌握常用的RDBMS及NoSQL数据库，有爬虫库或相关框架使用经验者更佳；
5、有金融科技开发经验、有较强研究能力者优先；
6、良好的团队协作精神和执行力，较强的分析问题和解决问题能力。
职能类别：
互联网软件开发工程师
高级软件工程师",铜鼓路华润置地大厦E座38D单元,https://jobs.51job.com/shenzhen-nsq/105774944.html?s=01&t=0
深圳市芒柠科技有限公司,"
Python开发工程师","
深圳-南山区|2年经验|大专|招若干人|08-18发布",0.8-1.5万/月,"岗位职责：
1、基于Python的新项目开发，根据公司产品规划，开发新系统；
2、负责项目架构设计、模块划分，编写衔接算法与前端页面展示的代码；
3、严格按照项目进度要求进行程序开发；对所编写的程序进行严格的综合测试，进行软件故障的诊断、定位、分析和调试，维持系统稳定运行；
4、按照要求完成相关开发文档的整理与编写；
5、上级领导交办的其他事项。
任职要求：
1、计算机相关专业大专及以上学历；
2、精通Python，有2年以上Python 项目开发经验；
3、熟悉 Linux 、Shell、以及其常用命令；熟悉版本控制工具（Git）优先考虑；
4、具备数据库设计能力，熟悉 MySQL 数据库应用开发，了解 MySQL 的数据库配置管理、具有 MySQL 索引优化、查询优化和存储优化经验与技能；
5、掌握软件设计流程和软件工程规范，具备良好而规范的设计和技术文档编写能力，拥有良好的编写代码习惯，逻辑结构清晰，命名规范，代码冗余率低；
6、可承受一定的工作压力并在指定的时间内完成高质量的程序。职能类别：
软件工程师
关键字：
python
python爬虫
软件工程师
python开发",大冲国际中心13楼,https://jobs.51job.com/shenzhen-nsq/97643355.html?s=01&t=0
深圳市富龙小额贷款有限公司,"
爬虫工程师","
深圳|1年经验|本科|招2人|08-18发布",1-2万/月,"岗位职责：
1、 负责设计、开发、部署、维护分布式网络爬虫系统，参与数据爬取平台相关工具平台的架构设计与产品开发等工作；为公司业务提供正确稳定的数据分析结果；
2、 参与数据层建设，专注于基础数据采集平台建设，研究指定网页特点和规律，负责网页信息采集，文档识别及提取、数据清洗加工整理（ETL），结果产出（可视化）等研发和优化工作；
3、设计爬取、调度和抽取算法，优化系统，有金融相关爬虫经验优先；
4、负责抓取数据的深刻提取和挖掘；
5、针对不同网站的反爬虫技术提出有效的应对策略，提升网页抓取的效率和质量。
任职要求：
1、本科以上学历，计算机，软件工程相关专业
2、1-3年PHP、Spider爬虫、python,java等爬虫抓取开发经验，熟悉mongodb，Redis，mysql，SQL Server等数据库技术
3、熟悉网页抓取原理及技术，熟悉基于Cookie的网站登录原理。精通正则表达式，从结构化的和非结构化的数据中获取信息；熟悉基于正则表达/Xpath/CSS等网页信息提取。
4、熟悉html/js/css等前端技术优先；；
5、具有良好的逻辑分析能力、学习能力、沟通能力和协作能力；具有积极的工作态度，勤奋上进，有责任心，独立解决问题的能力。
                                                
6、 擅长，数据分析，数据统计，数据挖掘，数据建模，数据可视化输出。
职能类别：
互联网软件开发工程师",雅宝路1号星河World A栋1505,https://jobs.51job.com/shenzhen/105115605.html?s=01&t=0
深圳市源极光科技有限公司,"
爬虫工程师","
深圳-南山区|2年经验|本科|招2人|08-18发布",1-2万/月,"岗位职责：
1. 负责定向数据的采集与爬取、解析处理、入库及备份等数据日常工作；
2. 负责分析新的数据需求, 评估数据采集难度，安排采集工作及时交付；
3. 负责非定向数据的清洗、整理、整合及合并等工作；
4. 负责数据中心的规划和管理工作。
任职资格：
1. 计算机相关专业本科以上学历，3年以上数据采集，爬虫相关工作经验。
2. 精通java或者python，熟悉一种以上主流的爬虫工具优先，如webmagic，nutch等。
3. 精通网页抓取原理及技术、正则表达式、xpath,能够从结构化的和非结构化的数据中获取信息；
4. 至少熟悉一种关系型数据库，如Mysql、Oracle、MSSQL等；
5. 良好的沟通能力和团队合作精神，有团队管理工作经验优先考虑。
6. 具备较强的责任心，创新意识，能接受持续交付的工作环境。职能类别：
软件工程师",深圳市南山区后海大道2388号怡化金融科技大厦18楼,https://jobs.51job.com/shenzhen-nsq/97930171.html?s=01&t=0
深圳市前海谷雨网络科技有限公司,"
Python开发工程师","
深圳-南山区|3-4年经验|大专|招2人|08-18发布",1.5-2万/月,"岗位职责：
1.负责设计和开发分布式的网络爬虫应用，进行互联网相关信息的抓取和分析；
2.负责网页信息抽取技术的研究和开发；
3.负责解决爬取过程中的各种反爬问题；
任职要求：
1.大专以上学历，3年以上互联网金融产品开发工作经验优先考虑；
2.熟悉Python、C/C++编程，有相关研发经验优先；
3.熟悉数据库操作、python面对对象原则；
4.熟悉mysql,mongodb,了解es；
5.熟悉多线程，多进程；
6.有良好的沟通能力、处理解决问题的能力、抗压能力和强烈的责任感； 
7.高度的责任心、良好的沟通技巧和团队合作精神；职能类别：
软件工程师
关键字：
python
python爬虫
软件工程师
python开发",学府路怡化金融科技大厦17楼,https://jobs.51job.com/shenzhen-nsq/93926792.html?s=01&t=0
深圳市换换优品科技有限公司,"
爬虫开发工程师","
深圳-福田区|无工作经验|招1人|08-18发布",0.9-1.5万/月,"使用AJAX URL和Firebug扩展来爬取数据，以及有关爬取技术的更多真相，比如使用浏览器渲染、管理cookie、通过提交表单从受验证码保护的复杂网站中抽取数据等。
利用python数据分析准备工作
利用numpy解决随机漫步案例
利用pandas完成数据汇总和描述
数据加载、存储与文件格式
数据规整化、数据聚合与分组运算
职能类别：
软件工程师
高级软件工程师",车公庙阳光高尔夫大厦9楼整层,https://jobs.51job.com/shenzhen-ftq/101353488.html?s=01&t=0
深圳电竞风暴科技有限公司,"
Python高级爬虫工程师","
深圳-南山区|5-7年经验|本科|招1人|08-06发布",2.5-3.5万/月,"岗位职责 
1. 分布式网页抓取平台的研发、完善和运维,主要爬取内容为moba游戏数据（Dota2、LoL、王者荣耀等） 
2. 产品后端 API 的开发，实现高性能、高可用及可扩展的后端代码； 
3. 线上分布式环境的自动化运维、监控、性能调优。 
职位要求 
1. 了解多线程、多进程、网络通信编程相关知识，有分布式爬虫架构，数据挖掘经验； 
2. 具有较强的分析和解决问题的能力，具有一定的moba游戏经验； 
3. 良好的工作习惯，态度端正，实现数据的抓取及数据规则清洗工作，保证正确的入库数据； 
4. 熟悉至少一门高级编程语言（例如 Python/C++/JAVA ）并有5年以上实际开发的经验。
5. 精通mysql，至少熟悉一种nosql(mongodb、hbase)，能根据实际问题，进行schema设计，并具有一定的运维优化经验
职能类别：
高级软件工程师
关键字：
Python
Java
c++",蚂蚁邦加速中心,https://jobs.51job.com/shenzhen-nsq/103350111.html?s=01&t=0
深圳市运维软件有限公司,"
( [ python爬虫开发工程师 ] )","
深圳-南山区|无工作经验|大专|招2人|08-02发布",4.5-6千/月,"1、18-30周岁，应届毕业生亦可，计算机、理工类等专业优先录取
2、对互联网行业有浓厚兴趣，有意从事python爬虫开发相关工作
3、有无经验均可(有人带)，要求有一定的学习能力，较好的逻辑思维
福利待遇：
1.  薪水：具有行业竞争力薪水，底薪+提成+项目奖金+年底双薪；
2.  福利：住房公积金、养老、医疗、工伤、失业、生育；
3.  假期：享有多天带薪年假，法定节假日休息和国家规定一致；
4.  旅游户外活动：公司不定期会为员工组织户外活动、旅游活动。职能类别：
互联网软件开发工程师
软件工程师
关键字：
python
python开发
爬虫
python爬虫
软件开发",南山区高新园,https://jobs.51job.com/shenzhen-nsq/104401391.html?s=01&t=0
深圳义合信达科技有限公司,"
Java开发工程师+python开发工程师+爬虫","
深圳-宝安区|5-7年经验|招3人|08-07发布",1-1.5万/月,"岗位职责：
1.负责设计和开发分布式网络爬虫系统，进行多平台信息的抓取和分析工作； 
2.负责网页信息和数据抽取、清洗、消重等工作，提升平台的抓取效率；
3.参与爬虫核心算法和策略优化，熟悉采集系统的调度策略；
4.实时监控爬虫的进度和警报反馈。
任职要求：
1、专科以上学历，Java基础扎实，具备爬虫开发经验； 
2、熟悉Java网络爬虫框架（jsoup、Selenium、HttpClient、HtmlUnit等至少一种）,熟练selenium优先； 
3、熟练掌握HTML、CSS、Javascript等页面技术； 
4、熟悉MySQL，MongoDB等数据库至少其中一种，熟悉SQL语言；  
5、掌握linux基本操作，有python相关经验者优先，熟悉restful api规则； 
6、具有较强的分析和解决问题能力，有责任心，积极主动。
7、有航空旅游行业相关经验优先
 
职能类别：
高级软件工程师
关键字：
python
java
爬虫",西部硅谷,https://jobs.51job.com/shenzhen-baq/103364867.html?s=01&t=0
海南新浪爱问普惠科技有限公司,"
Python高级爬虫工程师","
深圳|5-7年经验|本科|招若干人|08-15发布",2.5-3万/月,"岗位职责：
1、负责设计、开发、维护、重构分布式的网络爬虫，包括调度、抓取、维护、验证等爬虫工作；
2、负责抽取算法和数据库建模的调研和设计，保证抽取、去重、分类、解析、增量融合入库等流程之后的数据结果；
3、对反爬机制有研究，有能力破解复杂图片验证码/账号限制/ip限制。
岗位要求：
1、全日制本科及以上，5年以上python/golang开发经验，2年以上数据抓取工作经验；
2、精通使用爬虫相关技术，如：python,scrapy,selenium,xpath,正则表达式;
3、熟悉常用数据存储如mysql,mongodb，各种数据处理技术优先；
4、熟悉通信协议TCP/HTTP及RESTful标准。
职能类别：
大数据开发/分析",南山区科技南八路超多维科技大厦,https://jobs.51job.com/shenzhen/104921734.html?s=01&t=0
飞扬集团,"
Python开发工程师―新材料促进中心","
深圳|3-4年经验|本科|招1人|08-16发布",1-2万/月,"【岗位职责】
1.参与核心爬虫系统架构设计、数据库设计；
2.负责网络爬虫的核心技术研究和开发，参与各种核心搜索策略、算法、数据聚类、重组的设计与开发；
3.设计策略和算法，提升网页抓取的效率和质量；
4.分析爬虫系统的技术缺陷，对策略架构做出合理地调整和改进。
【任职资格】
1. 3年以上Java、python或C/C++开发经验，熟悉常用的信息抓取策略和数据重组算法；
2.精通信息抓取和整合技术，从结构化的和非结构化的数据中获取信息，掌握正则表达式；
3.熟悉大规模网页爬取，深度网页爬取，熟悉Nutch、Scrapy、Lucene、Heritrix、Solr、Sphinx等工具优先考虑；
4.了解Mongodb、HBase、HIVE等NoSQL数据库，并至少精通一种关系型数据库的开发；
5.熟悉网络爬虫相关技术，如有分词、spider、分类、聚类、索引、检索等相关开发经验者优先。
【深圳市宝安区新材料产业技术创新联盟简介】
深圳市宝安区新材料产业技术创新联盟成立于2015年9月，由飞扬集团、长先科技、宝利树脂、瑞凌实业、盛誉实业、创新智慧港等15家单位共同发起成立，随着联盟的发展壮大，联盟引入了加法基金作为联盟后盾，并且将涂料、塑料、3D打印、碳纳米管等高新技术产品引入到联盟。
新材料联盟以促进开展新材料产业研发生产应用活动为己任，探索在国家政策与资金引导下建立以企业为主体、产学研结合、市场化和促进成果转化的有效机制，打造产、学、研、用多赢的科技创新平台。
新材料联盟是一个按照&ldquo;自愿、平等、合作&rdquo;的原则成立的集专业性、学术性和联合性于一体的服务型非营利性联合体；以共同的发展需求为基础、以新材料产业技术协同创新、企业管理能力创新、企业发展战略能力优化与提升创新为目标、以具有法律约束力的契约为保障，联合研发、优势互补、利益共享、风险共担。
职能类别：
软件工程师
系统工程师
关键字：
Python
爬虫
JAVA
软件开发",宝安区新安街道隆昌路8号飞扬科技园B栋8楼飞扬集团,https://jobs.51job.com/shenzhen/102375576.html?s=01&t=0
中软国际科技服务有限公司,"
诊断工具开发-Python-外包腾讯云","
深圳-南山区|2年经验|大专|招1人|08-16发布",0.8-1.1万/月,"岗位要求：
1、大专以上学历 
2、计算机相关专业 
3、1-3年Python相关工作经验
4、熟练掌握Python爬虫技术；
5、熟练掌握Python Web框架;
6、熟悉Linux操作
岗位职责：
1、开发编写自动化运维脚本
2、开发编写web运维平台
注：本岗位为专项外包，定岗定薪。
职能类别：
软件工程师
关键字：
Python
爬虫",讯美科技广场,https://jobs.51job.com/shenzhen-nsq/105486882.html?s=01&t=0
深圳市汇通合力科技股份有限公司,"
云开发工程师（java工程师）","
深圳|3-4年经验|本科|招1人|08-17发布",2.5-3万/月,"【岗位职责】
1.负责云服务（AWS、阿里云、Azure）的云上开发交付实施；
2.负责组织制定云服务项目的需求与开发方案、验收报告等资料的编辑工作；
3.配合技术部门各位应用与技术测试等工作；
4.配合销售部相关项目的技术文档编辑等工作；
5.部门的技术方案编辑与相关技术、培训等文档的编辑工作
6.配合做好与合作伙伴厂商的技术交流。
7.完成上级主管领导交办的其它工作
【岗位要求】
1.本科及以上学历、计算机相关专业
2.具备5年以上Java扎实基础，掌握JVM的基础知识，能够进行调优与排障，对堆与栈，二维数组，算法有一定了解，熟练Spring Cloud框架，且有开发经验
3.具备DevOps开发经验，熟悉CI/CD的整个配置与管理流程
4.具备通用开源软件部署与二次开发能力并集成，例如：K8S+Jenkins或K8S+GitLab，Nginx，MongoDB、MQ等
5.具备目前主流云厂商（AWS、阿里云）的RDS、EC2、S3、VPC、ELB、EMR等的实施与运维
6.具备目前主流大数据套件（Spark，Hive，Sqoop等）部署与运维经验，有业务逻辑开发优先
7.熟悉Oracle、Mysql等知道怎么把数据库与业务解耦迁移方法
8.熟悉RestAPI的接口原理，拥有AWS或Aliyun某些PaaS服务的研发经验
9.熟悉用Python开发爬虫工具，做一些简单的数据分析
职能类别：
高级软件工程师",南山区桃园路1号西海明珠大厦F座24楼,https://jobs.51job.com/shenzhen/103851284.html?s=01&t=0
深圳市爱影互联文化传播有限公司,"
搜索引擎(文件搜索)工程师","
深圳-福田区|3-4年经验|本科|招若干人|08-17发布|计算机科学与技术",0.8-1.5万/月,"岗位职责：
1、负责搜索引擎后台服务软件架构设计及研发负责搜索引擎的算法改进、架构优化及策略研发；
2、负责对搜索相关度排序优化、大规模数据分析与挖掘、用户行为分析等 
任职要求：
must：
1. 熟练掌握java语言、如还掌握python或者c的一种或者多种优先，并且有Linux系统下开发经验者优先
2. 有lucene/Solr/ElasticSearch/Mahout开发经验或有优先考虑；
3. 有个性化推荐系统的分析设计经验，熟悉用户画像系统； 
4. 熟悉搜索引擎底层存储/分词/爬虫，并且有hadoop/spark等大数据经验；
5. 有信息检索、自然语言处理、机器学习与数据挖掘、计算广告学等相关背景或项目经验优先
职能类别：
软件工程师
高级软件工程师
关键字：
搜索",中国凤凰大厦2栋22F,https://jobs.51job.com/shenzhen-ftq/103830516.html?s=01&t=0
车音智能科技有限公司,"
信息安全工程师","
深圳-南山区|无工作经验|招1人|08-17发布",1.5-2万/月,"岗位职责：
    负责公司信息安全的规范制定、管理，信息安全管理标准和体系工作，信息安全的工作事务安全行为管理、堡垒机控制策略、系统加固（windows、linux)、网络等安全、防入侵检测IPS、安全漏洞防护。安全风险监控、邮箱安全管理、云服务安全管理、防病毒、IDS、PKI、钓鱼、攻防技术、制定验证、修复漏洞方案等。
任职要求与建议该岗位关联的技能与专业描述：
1、3-5年信息安全相关工作经历，本科及以上学历。
2、具备扎实的计算机网络、信息安全基础，熟悉TCP/IP网络协议栈，对网络协议具备分析能力，能熟练使用网络分析工具，熟悉主流网络设备基本操作
3、熟悉常见黑客攻击手法，具备对黑客行为的入侵检测能力；
4、有过安全扫描相关开发经验，包括但不限于网络爬虫、漏洞扫描工具、网络空间态势信息搜集等（如有请附在简历中）；
5、熟悉常见网络、信息漏洞攻击技术原理和验证扫描方法，能够给出相应的漏洞修复方案；
6、熟练掌握至少其中一种语音，包括C、C++、perl 、Python、PHP、Go 等语言，编写过完整的项目作品（如果有请附在简历中）；
7、可独立完成项目报告编写，提供安全解决方案
                                8、有Linux系统漏洞挖掘或逆向分析、信息安全等保、ISO27001信息安全管理体系经验优先；
职能类别：
网络信息安全工程师",深南大道9680号大冲商务中心A座2701,https://jobs.51job.com/shenzhen-nsq/101838405.html?s=01&t=0
中腾信金融信息服务（上海）有限公司,"
Java研发工程师 (MJ000175)","
深圳-南山区|3-4年经验|本科|招3人|08-17发布",1.5-3万/月,"岗位职责：
1、根据系统需求说明书，完成系统详细设计、编码、单元测试； 
2、掌握最新的公司业务流程，确保开发能够准确的实现业务需求； 
3、遵循IT中心开发流程，提交各阶段的交付件，保质保量完成开发任务； 
4、通过分析所负责的模块运行数据，对系统进行优化，保证系统稳定性；
5、能够从架构设计的角度思考优化解决问题；
任职要求：
1、本科以上学历，计算机相关专业，3年以上开发经验，2年以上互金行业开发经验；  
2、精通JAVA语言，掌握Spring，Spring boot，Spring Cloud, hibernate，MQ，redis，zookeeper,dubbo等开发框架组件； 
3、熟悉MySQL\Oracle数据库设计，懂SQL优化； 
4、熟悉HTTP协议，Restful架构风格优先； 
5、具有良好的沟通表达能力，严谨的逻辑思维，工作积极主动，责任心强，有较好的团队精神；
6、有python爬虫开发经验，或代码洁僻者优先；
职能类别：
高级软件工程师
软件工程师",深南大道9672号大冲商务中心D栋14-15楼,https://jobs.51job.com/shenzhen-nsq/105387102.html?s=01&t=0
深圳怀新企业投资顾问股份有限公司,"
java高级工程师","
深圳|3-4年经验|本科|招1人|08-17发布|普通话|计算机应用 计算机信息管理",1-1.5万/月,"岗位职责
1参与项目的需求、设计等过程
2.负责系统后端的数据和接口的设计和开发
3.负责系统的后期维护及优化
4.公众号、小程序开发经验者优先
任职要求
1.计算机或通信相关专业本科及以上学历；
2.2年以上Java实际项目开发经验，丰富的互联网相关开发经验优先，有过金融行业开发经验优先；
3.扎实的Java基础，熟悉j2ee主流开源框架（Spring、Hibernate、struts、mybatis）等，熟悉使用eclipse及svn等开发工具；
4.熟悉python语言服务端开发，一年以上开发经验
5.熟悉oracle、mysql、sqlserver等数据库，对mysql数据库深入的理解，熟练编写sql，并进行数据库调优；
6.熟悉Unix/Linux常用命令，能在linux环境下配置和部署系统，熟悉使用web服务器，如tomcat等；
7.有爬虫经验者优先；
8.有良好的学习能力和进取心、有持之以恒的创业心、较强的表达和沟通能力，工作认真、严谨、敬业、具备团队精神。
职能类别：
高级软件工程师
数据库工程师/管理员",深圳市福田区彩田路5015号中银大厦A座17楼,https://jobs.51job.com/shenzhen/101701427.html?s=01&t=0
亚联财小额贷款,"
数据挖掘工程师","
深圳|无工作经验|本科|招2人|08-17发布",0.8-1.2万/月,"岗位职责：
深入了解风控大数据来源，优化与补充风控所需的其他基础数据；
根据历史数据推测提取规则、模型；
应用机器学习知识等相关知识验证和训练模型；
完成领导交办的其他工作。
任职要求：
                            
熟悉金融相关业务、互联网业务模式和用户行为分析模型；
计算机或数学等相关专业，2年以上大数据系统分析、设计和实施经验；
熟练掌握 Python 脚本语言，具备反爬虫相关能力；
逻辑思维能力强，对数据敏感，有较强的学习能力和创新思维；
具备良好的沟通能力和文字表达能力，有较强的团队协作能力；
有机器学习、深度学习相关领域经验优先。
职能类别：
大数据开发/分析",深圳市福田区天安数码城，创新科技广场二期，20楼整层（顶层）,https://jobs.51job.com/shenzhen/85140421.html?s=01&t=0
深圳市福华万膳餐饮有限公司,"
财务分析员","
深圳-罗湖区|3-4年经验|大专|招1人|08-17发布|信息与计算科学",0.6-1万/月,"数据分析师 
岗位职责：
1、独立完成各类数据报表并给出有效分析与建议；2、依据不同数据报告定期给出反馈意见并追踪原因；3、配合各个部门完成有需要的数据模块建议与报告；4、搜集并整理相关日料行业的数据与汇总分析与；5、了解当前日料行业的现状，依据数据及市场情况给出建议；6、需对问题数据进行跟踪与反馈。任职要求：1、计算机，统计，数学，信息技术等专业，本科（含本科）以上学历，有互联网、零售等相关数据分析工作经历；2、具备大数据的处理能力，能掌握SQL/Python，hive等数据提取工作，熟练Excel, SPSS PPT等工具；3、良好的数据敏感度，能从海量数据提炼核心结果；有丰富的数据分析，挖掘，清洗和建模经验；4、熟悉BI数据方案体系，BI报表系统自动化建设，报表可视化和自动化建设基础，建立全面的业务分析指标；为支持运营决策，驱动核心业务指标制定与达成；5、会爬虫等建立情感分析模型；6、喜欢餐饮行业，性格外向，有团队意识，热爱品牌发展，愿意跟随公司一起快速成长。 
职能类别：
财务分析员
关键字：
分析员
数据分析
市场分析
数据报表
数据处理
数据敏感度
分析指标",佳宁娜广场22楼,https://jobs.51job.com/shenzhen-lhq/105338693.html?s=01&t=0
深圳市北科瑞声科技股份有限公司,"
自然语言处理工程师","
深圳-南山区|1年经验|本科|招若干人|08-17发布",1-2万/月,"任职要求：
1.本科学历，计算机相关专业；
2.熟练使用Linux
3.精通Python或C/C++，Java编程语言中的至少一种；
岗位职责：
1、负责自然语言文本处理相关应用的研发；
2、NLP系统基础算法研发（包括但不局限于分词、词性标注、实体识别、语义分析等）；
3、中文自然语言处理的研发，包括海量数据挖掘、实体和实体关系抽取、n-gram分析、新词发现、热点发现、分词、句法分析、同义词、纠错等、知识库建设；职能类别：
语音/视频/图形开发工程师
算法工程师
关键字：
自然语言处理
工程师
爬虫
人工智能
语义分析
基础算法研发
数据挖掘
分类聚类",科技园南区深港产学研基地W405,https://jobs.51job.com/shenzhen-nsq/79303303.html?s=01&t=0
深圳市宝视佳电子商务有限公司,"
大数据开发工程师","
深圳-龙华新区|3-4年经验|大专|招6人|08-18发布",1-2万/月,"工作职责：
1、抓取各大电商平台数据；
2、参与大规模数据快速查询系统的架构设计和开发；
3、大规模数据挖掘和在线和离线海量数据分析平台的开发；
4、研究大数据前沿技术，提升系统的运维效率；
5、实现大数据基础架构平台的自动化运维。
任职资格
1、专业：本科以上学历，计算机相关专业；
2、工作经验：具有3年以上大数据开发经验，有电商行业经验者优先，
3、知识能力：熟悉Java,Linux,Python；熟悉Python爬虫技术；熟悉Hadoop,Storm,Spark大数据处理系统的开发,搭建及部署；熟练地处理数据模型、数据ETL以及存储管理；熟悉HDFS/Hive/MapReduce/Kylin/HBase，能独自进行Mapreduce程序开发者优先；了解分布式系统概念、架构，有大规模分布式系统设计、实现、部署等经验；
4、素质要求：较强的独立工作能力和团队协作精神及管理能力；有较好的沟通表达能力；
5.有电商行业经验者优先
职能类别：
数据库工程师/管理员
关键字：
Hadoop，Java",龙华,https://jobs.51job.com/shenzhen-lhxq/105237535.html?s=01&t=0
深圳市博阅科技股份有限公司,"
高级机器学习算法工程师","
深圳|3-4年经验|本科|招1人|08-18发布",2-2.5万/月,"岗位职责：
1、根据业务需要，运用爬虫等技术收集相关数据；
2、个性化内容推荐系统的搭建
3、文本数据的分类、挖掘、提取以及知识库的构建
4、基于线上线下的教育数据，使用机器学习算法，逐步打造一套完整的自适应学习系统
任职要求：
1、计算机、数学、统计或其他相关领域硕士或以上学历
2、有机器学习、数据挖掘或自然语言处理方面相关项目经验
3、熟悉常用的数据结构和算法
4、有扎实的编程基础，熟悉python者优先
5、能够独立解决较复杂的问题
6、良好的团队合作精神，敢于接受挑战，追求卓越
职能类别：
其他",深圳市南山区科技园中区科苑路15号科兴科学园C栋3单元4楼,https://jobs.51job.com/shenzhen/96773396.html?s=01&t=0
富士康科技集团人资总处,"
数据处理开发工程师","
深圳|1年经验|大专|招10人|08-18发布",6-8千/月,"1、熟Javascript，HTML5，jQuery/Bootstrap/D3 前端框架应用开发
2、熟Python/Scrapy 爬虫程序开发
3、熟PHP/C# .Net 网页应用开发
4、具数据库基本观念职能类别：
数据库工程师/管理员
软件工程师
关键字：
数据处理
数据分析
前端开发
Python
.net
工程师",深圳市龙华新区东环二路2号富士康南二门人才招募中心,https://jobs.51job.com/shenzhen/95278640.html?s=01&t=0
普塔拉科技（深圳）有限公司,"
数据分析师","
深圳-南山区|3-4年经验|本科|招1人|08-18发布",1.5-3万/月,"职位描述：
1、
负责大数据项目的需求调研、数据分析、商业分析及数据挖掘建模等工作；
 
2、 
根据业务需求，制定相关大数据项目的实施策略，实现从数据中提取商业价值并撰写分析报告；
3、 
根据业务场景，海量数据进行预处理、特征提取、数据分析和数据挖掘等工作并针对数据定义标签；
4、 
负责数据挖掘和数据分析领域的模型以及算法开发以及优化；
5、 
负责数据分析结果的展现、应用、评价、迭代等闭环流程；
6、 
配合售前工作或产品研发团队将分析结果落地实施。
岗位要求：
 
1、 
数学、统计学本科以上学历，硕士学历优先考虑；
2、 3
年以上行业数据分析、数据挖掘及数据建模工作经验；有大数据实际经验者优先；
3、 
熟悉机器学习、深度学习等数据挖掘技术优先，使用过主流的开源工具；
4、 
熟悉业务和数据建模方法以及常用的数据建模和分析工具及数据可视化工具；
 
5、 
熟悉常用数据挖掘和机器学习算法，如时间序列、逻辑回归、分类、聚类、随机森林、神经网络等，有算法优化和分布式实现经验者优先；
 
6、 
工作踏实，勤奋，具有良好的逻辑分析能力，良好的沟通能力和团队合作精神；
 
7、 
逻辑思维能力好，具有较强的发现问题、分析问题和解决问题的能力；
8、 
对数据库了解，精通
SQL
、
SSRS
，
Echarts
等相关报表工具，能熟练编写存储过程；
 
9、 
熟悉
C#
、
JAVA
、
Python
其一或者多个开发语言；
 
10、 
有大数据开发经验优先（如
Hadoop/Hive/HBase/Spark/Kafka/Storm/Flume
等）；
 
11、 
有爬虫经验者优先。
福利：
1、员工可享受所有国家法定假日、年假、带薪假期（病假、产假、陪产假等），其中年假8天，带薪病假8天；
2、公司提供节日福利（奖金及礼品福利）、生日关怀（定期组织员工生日会）、人文关爱（可享受每年员工体检1次）；
3、提供极具竞争力的薪酬体系，每年1-2次调薪，根据个人绩效评定晋升和加薪；
4、年终奖金丰厚，以年底双薪为基础，公司将按照个人表现和公司业绩会相应增加一个月或数个月工资奖金；
5、公司不定期组织员工聚餐、省内省外及国外旅游，同时定期组织有益于身心健康的户外运动；
6、入职即购买五险一金；
7、工作时间：周一-周五：9:00-18:00；
8、公司为员工职业规划提供多维度的发展、晋升通道，提供良好的内训以及外训机会，具备广阔的个人发展空间；
9、立足于高端商业地产领域的业务，我们致力于商业地产领域的技术创新和发展，我们有非常开放的团队环境，对于拥有好奇心和创造力，想象力的人，欢迎加入我们。
职能类别：
数据库工程师/管理员
其他",华润置地大厦E座5层,https://jobs.51job.com/shenzhen-nsq/105748285.html?s=01&t=0
vivo智能手机（维沃移动通信有限公司）,"
资深搜索算法工程师","
深圳-宝安区|3-4年经验|本科|招若干人|08-18发布",2.5-3万/月,"岗位职责： 1、负责搜索引擎中包括召回、排序、语义理解等模块的算法设计与落地实现，建立增长目标并持续优化提升； 2、研究爬虫、索引、检索、排序等相关技术并持续提升搜索引擎的召回率和准确率，为业务发展提供强力支撑； 3、参与产品分析和规划，完善并优化开发过程。
任职要求： 1、本科及以上学历，计算机、数学及统计相关专业毕业，有3年或以上搜索引擎或信息检索相关的算法经验； 2、精通Java/c++/python中至少一门编程语言及面向对象分析设计方法； 3、掌握搜索引擎工作原理及常用算法； 4、掌握机器学习、自然语言处理、聚类分类和相似度计算等相关方法及其实现； 5、熟练使用Tensorflow及Spark等进行数据分析和挖掘； 6、良好的理解与表达能力，优秀的团队合作和自我驱动能力。
职能类别：
算法工程师",创业一路1004号壹方中心,https://jobs.51job.com/shenzhen-baq/105799889.html?s=01&t=0
深圳布谷鸟信息科技有限公司,"
Python开发工程师","
深圳-南山区|3-4年经验|本科|招1人|06-20发布",1-2万/月,"【岗位职责】
1.电商平台内容爬取功能编写；
2.参与/负责架构设计与开发，设计爬虫策略和防屏蔽规则，提升网页抓取的效率和质量；
【岗位要求】
1.计算机相关专业本科以上学历，精通Python语言，3年爬虫经验；
2.能够爬取国内外主要电商网站，能够绕过对方的反爬体系，爬取效率十万级/日以上方案制定；
3.熟悉linux平台开发，精通信息抓取和整合技术；
4.熟悉Mysql，redis，mongdb三者至少之一，有过数据库调优和海量数据存储经验者优先；
5.掌握多种解析工具Jsoup、Xpath、Beautifulsoup、htmlparser、正则，有Nutch，Heritrix，jsoup抓取经验或者分布式抓取经验者优先；
上班大小周制
职能类别：
脚本开发工程师
关键字：
python
爬虫",深圳动漫园1-2栋7楼（整层）,https://jobs.51job.com/shenzhen-nsq/98442678.html?s=01&t=0
深圳尚锋科技有限公司,"
Python开发工程师","
深圳-龙华新区|无工作经验|招若干人|06-24发布",0.8-1.5万/月,"岗位职责：
1. 负责web数据采集相关的开发，熟悉web数据的抓取、解析等开发工作，有一定数据清洗和分析基础；
2. 负责解决爬取过程中的各种反爬问题；
3. 为公司业务提供必要的数据支持，在工作中不断研究、探索、应用新技术；
4. 根据工作需求，配合其他部门完成相关工作及上级交办的其他任务。
任职要求：
1. 大专及以上学历，计算机、软件等相关专业；
2. 一年以上Python开发经验，熟悉网络爬虫或数据处理和分析相关的开发；
3. 精通python，scrapy，pyspider，Selenium 等框架，熟悉多线程网页抓取原理及技术，熟悉基于Cookie的网站登录原理，熟悉使用正则表达式，熟悉HTTP传输协议，能模拟各类操作进行数据的爬取；
4. 具备信息检索、自然语言处理、web挖掘等搜索引擎相关知识，了解数据清洗和分析相关的工具，了解大数据分析；
5. 能承受一定的工作压力，具备较强的分析问题和解决问题能力，具备较强的沟通能力、领悟力和学习能力。
薪资待遇：
1. 薪酬：底薪+绩效奖金+年终奖金，底薪面议；
2. 工作时间：7.5小时/天（上午9:00-12:00，下午13:30-18:00）,大小周制；
3. 购买五险一金；
4. 享受国家法定假期及带薪年假、婚假、产假等；
5. 其他福利：午餐补贴、节日福利、员工活动、下午茶、时令水果、新鲜饮品、员工旅游等；
6. 干净整洁的办公环境，和谐轻松的办公氛围，倡导快乐工作，劳逸结合。
职能类别：
软件工程师
关键字：
python
软件工程师
爬虫",龙观东路57号尚美时代大厦9楼908,https://jobs.51job.com/shenzhen-lhxq/103636761.html?s=01&t=0
深圳市三只小熊科技有限公司,"
爬虫高级工程师","
深圳-南山区|3-4年经验|本科|招若干人|06-27发布",1.5-3万/月,"岗位职责：
1、负责公司爬虫引擎核心功能开发及优化；
2、负责目标站点的结构与URL特点分析，网页信息抽取算法的研究和优化，和数据清洗等研发和优化工作；
3、帮助团队攻克各种高并发、数据隔离、系统解耦等方面的技术难关，保障和提升海量应用的性能；
4、分析爬虫系统瓶颈，设计实现相应策略和算法，提升爬虫的抓取效率和质量；
5、持续的创新和优化能力，提升产品整体质量，改善用户体验。
岗位要求：
1、3年以上垂直搜索爬虫，分布式网络爬虫开发经验，至少独立负责过1个完整爬虫项目；
2、 熟练使用正则表达式、xpath解析数据、搜索策略、算法、数据聚类、重组技术，熟悉反爬虫、验证码识别；
3、 抓取策略熟悉(1、深度优先遍历策略 2、宽度优先遍历策略 3、反向链接数策略 4、Partial PageRank策略 5、OPIC策略策略 6、大站优先策略)；
4、至少精通一门编程语言（JAVA/Python等），精通linux系统，熟悉mysql，熟练使用fiddler、wireshark等开发工具；
5、 善于总结，主动学习新技术，直面困难敢于承担责任，有较强的沟通的能力和理解能力，有较强的抗压能力；
6、有海量互联网系统、高并发高可用系统设计及开发经验者优先；具有自然语言处理、机器学习背景优先职能类别：
数据库工程师/管理员
关键字：
资深
高级
爬虫
python
搜索
Java",深南大道9996号松日鼎盛20层 未来游戏,https://jobs.51job.com/shenzhen-nsq/94236975.html?s=01&t=0
深圳市好科科技有限公司,"
Python高级开发工程师","
深圳-南山区|2年经验|大专|招2人|07-05发布",1-2.5万/月,"岗位职责：
1、负责开发新爬虫和优化现有的爬虫,熟悉一种以上主流的爬虫工具;
2、有1年以上Python语言为主的开发经验，精通网页抓取原理及技术
3、负责网页信息抓取结果的抽取、数据清洗、分类、聚类等研发工作
4、负责爬虫平台系统的架构设计与开发以及爬虫核心算法的策略优化研究
5、熟练使用Mysql数据库
6、对反爬虫策略，验证码破解（非调用打码平台）等有一定的经验。
职能类别：
软件工程师",软件产业基地创业投资大厦1105,https://jobs.51job.com/shenzhen-nsq/102693567.html?s=01&t=0
深圳市荣创投资管理有限公司,"
区块链-python工程师","
深圳-南山区|无工作经验|招1人|07-09发布",1-1.8万/月,"工作职责：
 1,负责网络爬虫的开发,进行多平台信息的抓取和分析,
 2,能独立完成网络爬虫架构设计、功能开发及更新优化,
 3,实现数据提取、清洗、结构化、入库、统计分析等需求； 
 4,建立爬虫监测体系，及时分析及解决爬虫在运行过程中出现的缺陷；
 5,设计爬虫策略和防屏蔽规则，提升网页抓取的效率和质量； 
 6,能独立解决实际开发过程碰到的各类问题。
 
岗位要求
 全日制本科及以上，3年以上python/golang开发经验，2年以上数据抓取工作经验；
 精通使用爬虫相关技术，如：python, scrapy, selenium, xpath, 正则表达式;
 熟悉Mysql，mongdb
 熟悉常用数据存储，各种数据处理技术优先； 
    熟悉Linux常用命令，独立完成日常部署更新等；
 有从事金融业务开发的优先
    具备较强的团队协作精神，工作责任心强，良好的沟通、理解、执行能力
工资：10-18k合理避税
地址坐标：南山区沙河西路2009号（尚美科技大厦1403A-1） 
 福利待遇
1、 薪资待遇：提供具有竞争力的薪资待遇，薪酬水平高于行业平均水平，上不封顶；年底13-16薪
2、 社会保险/公积金：员工正式入职后即购买社保五险，转正后为员工购买公积金；
3、 带薪休假：除了享受国家法定节假日以外，工作一年以上的员工均额外享有超长7天带薪年假；
4、 餐补车补：加班员工每日餐补20元；超过22.30后下班打车报销车费；
 5、 节假日福利：公司除了有传统节假日福利外，还有员工生日福利、聚餐等不定期的BOSS任性福利。
6、 工作环境：本公司拥有年轻的管理层、良好的工作氛围、宽松的工作环境，和谐的同事关系并且提供微波炉和冰箱，各种国内外零食、水果等；
7、 文娱活动：每年外出旅游，不定期组织各种文娱活动，如聚餐、K歌、户外运动、拓展训练等；
职能类别：
算法工程师
软件工程师
关键字：
python
爬虫",尚美科技大厦1403A-1,https://jobs.51job.com/shenzhen-nsq/103877285.html?s=01&t=0
深圳合众财富金融投资管理有限公司广州分公司,"
资深爬虫研发工程师","
深圳-南山区|3-4年经验|本科|招若干人|07-16发布",1.5-2万/月,"1. 全日制重点本科及以上学历，计算机相关专业，3年或以上大数据平台研发经验；
2. 精通网络爬虫、互联网搜索、大数据新闻、网络多媒体、网络视频、即时通讯等技术，有着丰富的网络数据爬取工程项目经验；
3. 了解自然语言处理及语义分析、图像处理、优化算法等理论和技术，丰富的互联网大数据信息处理、搜索引擎、人工智能等行业经验；
4. 熟悉linux和Java开发，熟悉shell/perl/python等脚本语言，熟练掌握正则表达式；
5. 精通一种开源爬虫框架，如scrapy、webmagic、nutch、heritrix等，有开发爬虫框架经验优先；熟悉反爬虫、验证码识别技术者优先；
6. 有多线程、网络数据处理经验优先（如HTTP协议，AJAX，爬虫开发，浏览器内核开发，Web服务开发等）
岗位职责：
1.负责分布式网络爬虫系统的架构设计与开发（如抓取调度，多样化抓取，页面解析和结构化抽取，海量数据存储和读取等）；
2.负责爬虫核心算法的策略优化研究，提升爬虫抓取效率和质量（如调权调度、分析预测、质量判断、封禁与反封禁研究等）；
3.负责HTTP、AJAX等各类网络请求分析，探索和研究高效的数据抓取解决方案 
职能类别：
互联网软件开发工程师
关键字：
爬虫",大冲商务中心,https://jobs.51job.com/shenzhen-nsq/102851188.html?s=01&t=0
北京比特大陆科技有限公司,"
后端及爬虫工程师-深圳-01007","
深圳-南山区|无工作经验|本科|招1人|07-24发布",1.5-2.5万/月,"职位描述:
1.使用go/python完成基于restful风格和基于websocket的服务端开发；
2.参与制定服务交互流程，与对接方协商设计接口协议；
3.编写爬虫项目爬取web上的文本信息，并做初步信息提取；
4.负责服务项目及爬虫项目的实现设计，编码，调优，测试，使用和接口文档撰写及Bug处理。
岗位要求：
1.学历: 国内211本科以上或国外类似水平，专业: 计算机/软件工程/数据科学；
2.工作经验:1-3年；
3.有扎实的计算机理论基础，了解数据结构、计算机网络、关系数据库理论；熟悉类Unix系统；
4.精通Go和python，精通基于restful风格和基于websocket的web后端编程，有良好的编程习惯和代码风格；
5.精通redis/postgresql，会设计关系型数据库的schema，同时有将非结构化数据提取转化为结构化数据的经验；
6.掌握基本数据采集、模拟登陆、http代理、动态数据获取、html文本信息提取等技术；
7.有git使用经验；
8.良好的沟通能力和团队精神，具备较强逻辑思维能力，态度认真积极，责任心强，具备快速学习能力。
职能类别：
数据库工程师/管理员
软件工程师
关键字：
go
python
数据
开源",桃园路1号西海明珠大厦F座20层2001室,https://jobs.51job.com/shenzhen-nsq/102145630.html?s=01&t=0
深圳市易诺建设工程有限公司,"
网络爬虫工程师","
深圳-南山区|3-4年经验|大专|招1人|07-24发布|计算机网络 软件工程",0.7-1万/月,"岗位职责:
1.负责指定网页的数据采集与爬取、解析处理、入库及备份等数据日常工作；
2.参与编写互联网内容的爬虫，和爬虫系统维护和与现有业务系统爬虫工作
3、负责定向爬取指定资源及相关联信息。
4、公司电脑简单维护工作。
任职资格：
1、大专或以上相关学历，熟悉 HTML、DOM、XPath
2、精通SQLSERVER或MYSQL数据库
3、精通Python
4、熟悉C#、python语言优先
                                    
5、有爬虫、信息抽取、文本分类、大数据处理相关经验优先
职能类别：
大数据开发/分析
数据库工程师/管理员
关键字：
爬虫、python",前海路振业国际商务中心2702室,https://jobs.51job.com/shenzhen-nsq/102370781.html?s=01&t=0
深圳市炽盛科技有限公司,"
爬虫开发工程师","
深圳-龙岗区|无工作经验|招1人|07-26发布",0.8-1.5万/月,"岗位职责：
1.负责开发分布式网络爬虫系统，完成数据采集与爬取、解析处理、入库及备份等数据日常工作；
2.研究各种网页探寻特点和规律，负责网页信息抽取、数据清洗等研发和优化工作；
3.负责领域知识的定向爬取、深度提取和挖掘；
4.参与分布式爬虫模块服务架构和数据存储架构的设计和研发；
5.完成领导交代的其他任务。
任职要求：
1.大专或以上学历，两年以上互联网或企业级网络爬虫开发经验；
2.精通requests， 熟练掌握lxml等解析工具, 多任务处理，scrapy爬虫框架，flask等Python 的web框架，代理池应用、selenium， 移动端测试框架；
3.熟悉SQL， MySQL，MongoDB， redis等数据库应用；
4.熟悉网页抓取原理及技术，熟悉基于Cookie的网站登录原理，熟悉基于正则表达式、Xpath、CSS等网页信息；
5.熟悉Python/java 编程语言，精通Javascript，对HTTP协议及HTML有深入的了解；
6.有爬虫系统开发经验者优先；
7.良好的沟通能力、团队合作精神; 认真负责、具有高度责任感; 优秀的学习能力。
职能类别：
软件工程师","深圳市龙岗区横岗街道六约社区龙塘工业区5号2楼,",https://jobs.51job.com/shenzhen-lgq/101989857.html?s=01&t=0
软通动力信息技术（集团）有限公司,"
Python开发工程师","
深圳-龙岗区|2年经验|本科|招1人|07-26发布",0.8-1.5万/月,"1、本科及以上学历，两年以上工作经验；
2、熟悉Linux主流系统（如Ubuntu，centos），熟练掌握C/C++、Python、bash；
3、有srilm、kenlm、crf++、kaldi、sphinx、htk等任意 一个开源工具使用经验的优先考虑；
4、有文本清洗、文本统计的经验优先；
5、较强的自我学习能力和分析解决问题的能力。有应用层开发、语音识别方向背景优先考虑
职能类别：
软件工程师
互联网软件开发工程师
关键字：
python
爬虫",坂田金荣达科技工业园6栋1楼,https://jobs.51job.com/shenzhen-lgq/102193190.html?s=01&t=0
深圳市前海合派科技有限公司,"
python开发工程师","
深圳|2年经验|本科|招2人|07-30发布",1-2万/月,"岗位职责：
1、负责爬虫框架的搭建；
2、研究优化算法，提升爬虫系统的稳定性、可扩展性；
3、技术攻坚。主要体现在网站反爬、数据存储和多个站点爬虫管；
4、能根据实际需求，使用前沿第三方框架，如 Django、Flask等实现各种功能。
职位要求：
1、在python爬虫方面具有1年的工作经验；
2、熟知爬虫框架，具备架构爬虫框架的能力；
3、熟练掌握数据库开发，对数据处理和数据质量有较深的认识；redis,mongodb，MySQL数据库；
4、熟练掌握Linux系统的操作和维护；
5、强烈的责任心和良好的团队合作能力。
薪酬福利：
1、薪资待遇：在行业具有竞争力的薪酬体系；
2、周末双休、五险一金、带薪年假；
3、健康关怀：关注每一位员工健康，定期为员工组织年度健康体检；
4、文娱活动：不定期组织聚餐、卡拉OK、团建活动、旅游等保证员工工作和生活的平衡；
5、培训发展：关注员工发展，为员工提供定制化内训和外训的机会，不断提升员工综合素质和能力；
6、职业生涯：完善的横向调岗及纵向晋升通道，完善的核心人才培养体系，为您提供职业发展的双赢平台；
7、其他福利：节日福利、生日福利、下午茶等。
职能类别：
软件工程师
关键字：
大数据行业
成长空间大
氛围好
无线零食",科苑地铁站西北工业大学三航科技大厦,https://jobs.51job.com/shenzhen/102722627.html?s=01&t=0
深圳市尚诚信息技术有限公司,"
初级Python开发工程师","
深圳-福田区|1年经验|本科|招1人|07-31发布",6-8千/月,"岗位职责：
1.负责公司自动化数据处理平台的开发工作
2.负责客户现场系统的数据抓取需求开发工作
3.跟进处理测试人员或实施人员的问题反馈
任职要求:
1.本科或以上学历,计算机/IT信息/数学等或相关专业毕业
2.1年以上工作经验,具备Python的基础知识，特别优秀应届生可不做工作年限要求
3.熟悉Python的安装，与Python包的安装命令行
4.了解数据库的基础知识，会简单的增删改查
5.具备面向对象的基础知识，了解软件的开发过程
7.有爬虫框架的应用经验者优先:grap/scrapy/pyspider/cola
8.有大数据,金融业务系统开发经验者优先
9.有大文本结构化数据处理者优先
10.要求具备一定的自我学习能力
职能类别：
软件工程师
高级软件工程师
关键字：
python
大数据
爬取
grap
scrapy
pyspider
cola
数据库",福田区深南大道7008号阳光高尔夫大厦,https://jobs.51job.com/shenzhen-ftq/92596523.html?s=01&t=0
深圳智人环保科技有限公司,"
Python开发工程师","
深圳-南山区|2年经验|本科|招1人|07-31发布",0.8-1.5万/月,"1.熟悉mysql数据库开发与优化；
2.熟练掌握Python,有大气传感器数据分析工作经验者优先；对算法和数据结构比较了解，并能灵活运用者优先;
3.具有数据采集，爬虫相关工作经验，熟悉一种以上主流的爬虫工具;
4.熟悉JavaScript、HTML前端开发，有jQuery、Bootstrap使用经验者优先；
5.具有Java开发经验者优先；
6.拥有良好的代码习惯，结构清晰，命名规范，逻辑严谨
岗位职责：
1、负责公司传感器数据分析处理、数据挖掘任务；
2、负责公司web端产品的前端开发与功能实现；
3、负责公司MySQL数据库维护与优化；
4、负责公司基本PC端用户软件的开发；
5、学习能力强、有创新精神、团队合作精神.
职能类别：
软件工程师
数据库工程师/管理员
关键字：
工程师",深圳软件园一期3栋,https://jobs.51job.com/shenzhen-nsq/104881052.html?s=01&t=0
深圳市新国都技术股份有限公司,"
网络爬虫工程师","
深圳-南山区|无工作经验|招2人|08-01发布",1.5-2.5万/月,"岗位职责：
1、负责设计和开发分布式的网络爬虫应用，进行互联网相关信息的抓取和分析
2、负责爬虫系统维护和与现有业务系统的对接
3、负责网页信息抽取技术的研究和开发；
4、设计爬取、调度和抽取算法，优化系统；
5、负责抓取数据的深度提取和挖掘。
职位要求：
1、 熟悉常见种类验证码的处理;
2、精通网页抓取原理及技术，精通正则表达式，从结构化的和非结构化的数据中获取信息；
3、熟悉linux平台开发；
4、熟悉搜索引擎和网络爬虫相关技术；
5、熟悉Scrapy/Lucene/Nutch/Heritrix/HtmlParser等开源工具；
职能类别：
大数据开发/分析
关键字：
Python",深圳湾科技生态园10栋,https://jobs.51job.com/shenzhen-nsq/97724277.html?s=01&t=0
平安科技（深圳）有限公司,"
爬虫工程师(深圳)","
深圳-福田区|无工作经验|本科|招3人|08-02发布",1.5-3万/月,"工作职责：
1、负责网络爬虫的核心技术研究和开发，参与各种核心搜索策略、算法、数据聚类、重组的设计与开发；
2、与数据分析师的协作，搜集数据采集需求，定向数据的采集与爬取、解析处理、入库等数据日常工作；
3、精通网页抓取原理及技术，精通正则表达式，从结构化的和非结构化的数据中获取信息；
4、设计和开发分布式网络爬虫系统，并进行多平台信息抓取和分析工作；
5、负责爬虫数据与业务系统的整合对接
任职要求：
1、熟悉多线程、多进程、网络通信编程相关知识 
2、两年以上大规模网页爬虫开发经验 熟悉JS，ajax，网页消重 
3、能够总结分析不同网站，网页的结构特点及规律 
4、有分布式、垂直领域爬虫开发经验优先 
5、良好的逻辑思维能力，能够从海量数据中发现有价值的规律 
6、熟悉CC、Java、Python 语言编程，对数据结构和算法设计有较为深刻的理解 
7、熟悉正则表达式，用于从各种网络结构化和非结构化数据中抽取有用的信息； 
8、优秀的分析问题和解决问题的能力，对解决具有挑战性问题充满激情 
9、良好的团队合作精神，较强的沟通能力职能类别：
数据库工程师/管理员",深圳市福田区八卦三路平安大厦,https://jobs.51job.com/shenzhen-ftq/96293293.html?s=01&t=0
深圳市蓝鹰立德软件咨询有限公司,"
Python高级开发工程师","
深圳-宝安区|3-4年经验|大专|招4人|08-03发布",1-1.5万/月,"python开发工程师
岗位职责：
1.负责设计和开发分布式网络爬虫系统，进行多平台信息的抓取和分析工作； 
2.负责网页信息和数据抽取、清洗、消重等工作，提升平台的抓取效率；
3.参与爬虫核心算法和策略优化，熟悉采集系统的调度策略；
4.实时监控爬虫的进度和警报反馈。
任职要求：
1.专科以上学历，熟悉Linux系统，Python、js、html等语言；
2.了解多线程、多进程、网络通信编程相关知识，有分布式爬虫架构，数据挖掘经验； 
3.掌握网页抓取原理及技术，了解基于Cookie的登录原理，熟悉基于正则表达式、XPath、CSS等网页信息抽取技术；
4.熟悉Flask等Web框架和celery库的基本用法。
5. 熟练掌握Selenium优先；
6、具有较强的分析和解决问题能力，有责任心，积极主动。
7.有航空旅游相关行业经验优先
职能类别：
高级软件工程师
关键字：
python
Java",西部硅谷,https://jobs.51job.com/shenzhen-baq/103352915.html?s=01&t=0
深圳梵谷人力资源有限公司,"
爬虫开发工程师","
国外|无工作经验|大专|招3人|08-04发布",1.5-2.5万/月,"待遇：面议，15-25k/月，13薪资起+奖金
 
假期：月休8天，9小时／天，转正后一年20天回国年假，可以分1-3次休假，路费报销4000元。
 
食宿：吃饭补助：1400元／月，包住（2/间）自己出水电网络费约200元／月，不住宿舍补助：1600元／月。
 
国内人员自己办理机票和签证，转正报销国际机票去程段和签证费。
 
职位描述：
负责相关app、网站的爬虫开发，结合产品特点建立数据分析模型及数据分析等工作； 
理解系统数据处理流程以及业务功能需求，制定对应爬虫策略；
根据项目具体要求，承担开发任务，按计划完成任务目标；
负责设计和开发网络爬虫，定向数据的采集与爬取、解析处理、入库及备份等数据日常工作；
与技术团队进行沟通，负责爬虫数据与业务系统的整合对接；
协助开发人员完成软件系统及模块的测试；
 
任职条件：
大专及以上学历，计算机相关专业；
熟练掌握Ruby/Python/Go/C#/PHP任意一种语言，有一年左右后台项目开发经验；
熟练掌握Javascript、XML、JQuery、Ajax、Div+CSS等前端技术；
精通正则表达式和XPATH，能够从结构化或非结构化数据中获取信息；
精通mysql，SQL server，redis等数据库；
熟悉Linux 日常命令，有Linux自动化部署经验；
有全栈开发意识优先，熟悉REST API开发优先，拥有完整的应用级中型数据挖掘项目以上开发经验开发优先；
有良好的代码书写习惯、良好的学习、寻找解决问题方案的能力； 
具备独立工作能力的同时，拥有良好的团队意识；
 
职能类别：
软件工程师
高级软件工程师",菲律宾首都马尼拉,https://jobs.51job.com/overseas/103206390.html?s=01&t=0
深圳市创业二路科技有限公司,"
python讲师","
深圳-宝安区|3-4年经验|大专|招2人|08-04发布",1.5-2万/月,"一：岗位职责：
1、负责Python课程体系设计和完善；
2、负责Python课程爬虫、数据分析、网站开发的讲授；
3、完成领导交办的其它工作。
任职要求：
1. 至少3年以上Python编程经验；
2. 熟练运用Python语言及常用模块；
3. 熟练django等常用开发框架；
4. 熟练Mysql, oracle数据库中任何一种；
5. 熟练HTTP, Javascript, HTML。
6.熟练树莓派设备python开发
7.熟练python机器学习实战
8.熟悉Linux下Shell、Python两种脚本语言；
9.熟悉基于Linux应用程序的管理和配置，如Tomcat、Redis、Zookeeper、Jdk、Nginx、LVS、FastDFS、GFS等
职能类别：
培训讲师
关键字：
python讲师",深圳市宝安区创业二路新一代信息技术产业园区c座1楼101(洪浪北C出口）,https://jobs.51job.com/shenzhen-baq/99257975.html?s=01&t=0
深圳市博悦科创科技有限公司,"
急聘爬虫开发工程师","
深圳-福田区|3-4年经验|大专|招3人|08-06发布",1.4-1.5万/月,"1、负责设计和开发分布式的网络爬虫应用，进行互联网相关信息的抓取和分析；
2、完成定向数据的采集与爬取、解析处理、入库等数日常工作；
3、维护、优化现有的采集程序，提升爬虫的抓取效率和质量;
4、协助完成需求收集、分析，测试和部署，编写开发过程中涉及的相关文档。
任职要求：
1、具备Java两年以上开发经验，Java基础扎实，具备爬虫开发经验；
2、熟悉Java网络爬虫框架（electron、jsoup、Selenium、HttpClient、HtmlUnit等至少一种）；
3、熟练掌握HTML、CSS、Javascript等页面技术，熟悉angularjs；
4、熟练使用正则表达式、xpath、css选择器等页面提取方式，能够从结构化的和非结构化的数据中提取信息；
5、熟悉MySQL，MongoDB，oracle等数据库至少其中一种，熟悉SQL语言；
6、熟悉redis、RabbitMQ等消息中间件技术；
7、熟悉反爬虫技术，了解反爬机制；
8、熟悉应用服务器，熟悉Tomcat、Apache的配置及其优化；
9、熟悉ssh等常用框架，多线程、网络通信编程相关知识；
10、掌握linux基本操作，有python、nodejs相关经验者优先；
11、对APP采集有经验（包括抓包工具，APP模拟器等）者优先；
职能类别：
其他
关键字：
java
web
爬虫",购物公园,https://jobs.51job.com/shenzhen-ftq/102463477.html?s=01&t=0
深圳市谷熊网络科技有限公司,"
Python高级开发工程师","
深圳-福田区|无工作经验|本科|招1人|08-06发布",1-1.5万/月,"岗位描述：

1. 负责谷熊AI平台Web后台程序开发；
2. 参与项目需求评审，编写开发文档、计划文档；
3. 参与AI平台SaaS化研发

任职要求：
1. 精通Flask/Django/Tornado中任意一种Web开发框架；
2. 熟练掌握nginx+uwsgi或者apache+mod_wsgi构建web后端；
3. 熟练掌握MySQL或mongoDB，并对数据库的优化有一定了解；
4. 熟悉常用缓存框架，如redis，memcached
加分项：
1. 熟悉python数值计算库，如Numpy
2. 能够开发简单爬虫，爬取一般网站信息
3. 熟悉常用的前端框架，如：bootstrap，semantic
职能类别：
高级软件工程师
关键字：
python
AI",中康路雕塑家园2430-2432,https://jobs.51job.com/shenzhen-ftq/90155758.html?s=01&t=0
深圳融天云科软件技术有限公司,"
Python开发工程师","
深圳-南山区|3-4年经验|大专|招1人|08-07发布",1-1.8万/月,"工作职责：
1.参与区块链BAAS平台相关架构设计和实现；
2.参与项目需求分析、业务逻辑流程设计、文档编写；
3.负责区块链BAAS平台相关系统研发工作；
4.根据开发规范编写开发文档及项目文档；
5.配合项目团队完成联调测试、上线及维护等工作；
任职资格：
1.扎实的计算机基础与优秀的编程能力，至少三年相关工作经验；
2.精通python语言，熟悉MVC架构与REST API，掌握至少一门python web框架，如Django等，至少一年以上python使用经验；
3.掌握HTTP协议，熟练掌握MySQL，有MySQL数据应用开发经验；
4.掌握至少一门NoSQL，如MongoDB， Redis等；
5.了解HTML, Javascript 等 Web 前端技术
6.熟悉Linux操作系统，熟练使用Linux Shell；
7.良好的自学能力和独立解决问题的能力，良好的沟通和团队协作能力；
8.有爬虫方面相关经验
工作地址：腾讯微众银行
职能类别：
软件工程师
关键字：
爬虫经验",沙河西路1819号深圳湾科技生态园,https://jobs.51job.com/shenzhen-nsq/105238191.html?s=01&t=0
深圳市爱飞亿科技有限公司,"
PHP+Python软件工程师","
深圳-龙岗区|无工作经验|大专|招2人|08-07发布",1.5-2万/月,"1.独立完成上层软件系统代码的设计与实现
2.负责研发的方案设计、开发实现、测试交付等；
3.使用Python、PHP、JAVA语言对后台业务逻辑进行开发以及维护；
4.精通数据采集/反爬虫机制有一定的理解
5.Linux服务器运维、对服务器集群管理
6.对多线程开发有一定的经验
7.参与培训掌握新技术、做好技术前瞻性分析、研究与应用；有效的对新人进行辅导，帮助其快速成长。
任职资格：
1、3年以上工作经验，2年及以上Java/Python/PHP开发经验，有大型B2C电商网站爬虫实践经验者；
2、精通PHP，掌握至少2个以上的开源框架，能独立承担项目开发，3年以上实际项目相关经验；
3、熟悉多线程网页抓取原理及技术，熟悉基于Cookie的网站登录原理，精通正则表达式能够从Xpath、CSS等网页信息抽取技术；
4、具备信息检索、自然语言处理、web挖掘等搜索引擎相关知识，有从事海量网络爬虫、网页去重、网页信息抽取的开发经验;
5、有一定的架构设计能力，有很强的分析、解决问题的能力；
6、能承受较大的工作压力，有较强团队合作精神，有良好的敬业精神，富于创新精神，具有较强的沟通能力。
职能类别：
系统架构设计师
数据库工程师/管理员
关键字：
PHP
,Python",龙岗区坂田街道杨美地铁站C出口直行700米鸿翔家电商创业园522,https://jobs.51job.com/shenzhen-lgq/93059557.html?s=01&t=0
深圳市览众科技股份有限公司,"
Python开发工程师","
深圳-南山区|2年经验|大专|招若干人|08-07发布",7-9千/月,"1、拥有1-2年以上开发经验，有使用python web框架开发的经验，例如 flask/django；
2、具备移动端自动化测试开发经验者优先，如selenium webdriver
3、熟悉爬虫方向开发和应用，有爬虫开发经验，熟练使用Scrapy框架，了解PySpider框架；
4、熟悉基于Cookie的网站登录原理；
5、熟悉分布式爬虫及其部署；会简单的数据清洗、分析及可视化展示；
6、了解验证码识别技术；
7、熟悉MySQL、redis等数据库，熟练各种基本SQL语句，及数据库性能优化；
8、有优秀的逻辑分析、概括、总结能力，能够从大量数据中挖掘出有价值的信息和规律。职能类别：
软件工程师",南山区中山园路1001号TCL国际E城C11-G,https://jobs.51job.com/shenzhen-nsq/97396435.html?s=01&t=0
深圳市易赚科技有限公司,"
爬虫工程师","
深圳-南山区|3-4年经验|大专|招1人|08-08发布",0.8-1.5万/月,"岗位职责：
1、负责多电商平台销售信息的抓取、分析、调度、存储，为公司业务提供数据支持；
2、设计爬虫策略和防屏蔽规则，提升网页抓取的效率和质量；
3、负责开发ERP系统进行绩效数据统计及协助开展绩效核算；
4、工作中不断研究应用新技术，有效的提高工作效率。
5、及时高效完成领导安排的工作任务
岗位要求：
1、2年及以上Java或者python开发经验，熟悉windows开发环境，有大型C2C、B2C电商网站爬虫实践经验者优先；
2、熟悉多线程网页抓取原理及技术，熟悉基于Cookie的网站登录原理，精通正则表达式能够从Xpath、CSS等网页信息抽取技术；3、具备信息检索、自然语言处理、web挖掘等搜索引擎相关知识，有从事海量网络爬虫、网页去重、网页信息抽取的开发经验;
4、有一定的架构设计能力，有很强的分析、解决问题的能力；
5、能承受较大的工作压力，有较强团队合作精神，有良好的敬业精神，富于创新精神，具有较强的沟通能力、学习能力；
职能类别：
软件工程师",南山区粤海街道科兴科技园A4栋1202,https://jobs.51job.com/shenzhen-nsq/105116585.html?s=01&t=0
深圳市汇星数字技术有限公司,"
爬虫开发工程师","
深圳-南山区|2年经验|大专|招1人|08-09发布",0.7-1万/月,"岗位职责：
1、负责网络爬虫系统设计、开发。
2、完成带领团队完成数据采集爬取、解析提取、清洗入库等数据生产工作。
3、研究网页特点和规律，对网页信息进行分类、抽取、数据清洗、存储结构等研发和优化工作。
4、负责定向爬取视频资源及相关联信息。
5、负责领域知识的定向爬取、深度提取和挖掘。
6、对数据进行清洗、整理、去重及合并等工作。
任职资格：
1、大专以上学历，3年以上Python/Java或C#开发经验，熟悉一种开源爬虫系统实现或作为主力参与过一个完整的爬虫开发项目。
2、熟悉网页爬取原理及技术，熟悉深度抓取、动态网页抓取技术、熟悉请求伪装，模拟登陆，代理应用，爬虫和反爬技术。
3、精通正则表达式、Javascript、JSON、HTTP协议、HTML，善于从各种结构化和非结构化数据中抽取有用的信息。
4、熟练多线程技术、网络编程技术等相关优势经验者优先。
5、熟悉hadoop、hbase、Zookeeper、spark、storm、Solr、hive、kafka、redis、mongodb等相关技术者优先；具有验证码破解经验者优先。 
  
职能类别：
大数据开发/分析
互联网软件开发工程师
关键字：
Python
Java
C#",深圳市南山区科技园朗山路16号华瀚创新园D503,https://jobs.51job.com/shenzhen-nsq/102277775.html?s=01&t=0
深圳市中安信业创业投资有限公司总部,"
爬虫工程师","
深圳-福田区|3-4年经验|本科|招3人|08-13发布",1-2万/月,"职责描述：
1、负责分布式爬虫系统的方案设计和开发实施;
2、负责爬虫系统架构设计和开发（如抓取调度，多样化抓取，页面解析和结构化抽取，海量数据存储和读取）；
3、设计特定网站爬取策略方法，完成关键技术攻坚，提升爬取效率和稳定性；
4、负责网页数据抽取算法研究和开发，提升网页数据抓取效率和质量
5、及时解决生产上的系统问题，并对业务需求提供支持
任职要求：
1、本科学历，有4年及以上相关工作经验；有多线程、网络数据处理经验（如http、AJAX等各类网络请求分析、爬虫开发）
2、熟悉HTTP、HTTPS协议机HTTPClient等工具，能在协议层做性能方面调优，能通过抓包解决爬虫及网络相关问题。
3、熟悉Python、Java、JS等一种或多种开发语言；
4、熟悉分布式应用开发原理及多线程开发技术；
5、熟悉正则表达式、xpath等web信息提取及文本分析技术；
6、具有大型web登陆分析、爬虫、反爬、浏览器等研发经验者优先；
7、具有较强的学习能力、自我管理能力、能够在压力环境下工作。
职能类别：
大数据开发/分析",时代科技大厦西座9楼,https://jobs.51job.com/shenzhen-ftq/101103665.html?s=01&t=0
深圳市美格睿科技有限公司,"
Python开发工程师","
深圳-宝安区|3-4年经验|大专|招1人|08-14发布|计算机工程 软件工程",0.8-1.5万/月,"1、运营脚本支撑
、互联网数据采集；
2、
负责分布式网络爬虫系统的设计与开发；
3
、设计爬虫策略和防屏蔽规则，解决封账号、封IP、验证码等难点攻克；
4
、开发和维护后端 Python 服务框架；
任职要求
1、2年以上Java/python开发的经验；有多线程开发经验；
2、熟悉整个爬虫的设计及实现流程，有从事网络爬虫,网页信息抽取开发经验；
3、具备自动化测试开发经验,熟悉Appium APP测试优化考虑
；
4、
熟练 scrapy 、Flask等开发框架；熟悉mysql、分布式数据库等；熟悉splinter Web应用自动测试
；
了解node.js
；
5、良好的编码风格及测试习惯 ；
6、如有Github、开源项目、技术专栏等，请在简历中注明
；
7. 做事负责，态度积极， 耐心且最求细节
。
薪资福利：
上班时间：朝九晚六工作制
工作福利：五险、带薪年假+奖金+提成
假期规定：公司提供按国家标准的有薪假期，过年假期天数一般比法定节假日长
节日慰问：公司在中秋节等传统重大节日为员工发放节日慰问品
员工活动：不定期举行郊游、文娱活动、户外拓展、公司年会等活动
员工培训：公司重视员工个人发展，不定期为员工组织相关培训
办公环境：优雅、干净、整洁的办公环境，轻松、愉快的工作氛围
职能类别：
信息技术专员
技术支持/维护工程师",福永地铁口D出口直行200米中阳商务大厦308,https://jobs.51job.com/shenzhen-baq/105530254.html?s=01&t=0
广州市梦享网络技术有限公司,"
爬虫工程师","
深圳-南山区|3-4年经验|大专|招1人|08-14发布",1-2万/月,"职位职责：
1、负责电商网络数据的抓取；
2、完成需求分析、数据抓取、数据清洗及持久化；
3、开发爬虫管理平台，准备相关的技术文档，协助解决各种技术问题；
4、按照项目计划，按时提交高质量代码，完成开发任务。
职位要求：
1、三年以上爬虫开发经验；
2、熟悉Python语言面向对象编程，熟悉并发编程；
3、熟悉lxml、beautifulsoup及正则表达式，能够从结构化、非结构网页中抽取信息，
4、熟练使用主流Python爬虫框架scrapy、pyspider等，熟悉scrapy-redis及其他分布式爬虫编写；
5、熟悉常用抓包工具，数据清洗，常见反扒策略及应对方法，有验证码识别经验；
6熟悉git版本控制、有及其他手机APP数据抓取，加密破解，JavaScript调试经验
7、熟练使用mysql、MongoDB等关系型与非关系型数据库；
8、对待工作积极负责，能够承担压力，具有强烈的进取心、求知欲及团队合作精神；
9、具有统筹全局的能力，能够及时发现问题及解决问题；
10、有大众点评、天猫、淘宝等大型电商网站的抓取经验是加分项。
职能类别：
软件工程师",中科纳能大厦B座412,https://jobs.51job.com/shenzhen-nsq/105465188.html?s=01&t=0
深圳英菲项目管理有限公司,"
Python开发工程师","
深圳-南山区|3-4年经验|本科|招1人|08-14发布",1.2-2.4万/月,"1、负责模型的工程化实现；
2、协助或者负责框架设计。
任职要求：
1、需具备2年以上Python开发经验，参与过大型高并发网站开发和实施工作；
2、精通Python语言，熟练使用常用模块；
3、具有良好的自学能力，能通过研究开源项目来解决开发中遇到的难题；
4、熟悉以下技术者优先考虑：Redis、Memcache、MongoDB、Hadoop；
5、具有优秀的团队合作和沟通协作能力，善于学习，能承受较大的工作压力。
6、有爬虫开发经验优先。
职能类别：
软件工程师
互联网软件开发工程师",科技南十二路先健科技大厦,https://jobs.51job.com/shenzhen-nsq/105030013.html?s=01&t=0
中国太平保险集团稽核中心,"
非现场监测部-爬虫工程师","
深圳-福田区|2年经验|本科|招1人|08-14发布|计算机科学与技术 数学与应用数学",0.8-1.5万/月,"岗位职责：
    
1
、负责分布式网络爬虫系统的架构设计与开发；
    
2
、负责多平台信息和页面内容的采集与爬取、解析处理、数据清洗、入库及备份；
    
3
、负责外部
API
数据接口的开发和维护；
    
4
、负责图片、文本、语音等非结构化数据的处理和应用；
    
    
    
    
任职资格：
    
1
、计算机、数学或者相关专业本科以上学历，英语
4
级以上
; 
    
2
、
2
年及以上
Python
开发经验，熟悉爬虫与反爬虫原理及技术；
    
3
、掌握网页抓取原理及技术，了解基于
Cookie
的登录原理，熟悉
Beautiful  Soup
、
selenium
、
XPath
、
xlml
等网页信息抽取技术，熟悉代理池应用；
    
4
、熟悉
scrapy
、
pyspider
等分布式爬虫框架者优先，拥有数据抓取经验者优先；
    
5
、熟悉
SQL
，
 MySQL
，
MongoDB
，
 redis
等数据库应用；
    
6
、掌握
linux
基本操作，熟悉
restful api
规则；
    
7
、了解自然语言处理、图像处理、社会关系网络、机器学习、深度学习等理论和应用，了解
pyhton
中
numpy
、
pandas
库的应用；
职能类别：
软件工程师",益田路6001号太平金融大厦17楼,https://jobs.51job.com/shenzhen-ftq/103941975.html?s=01&t=0
深圳商虫云网络有限公司,"
爬虫开发工程师","
深圳|无工作经验|招2人|08-15发布",1-2万/月,"1. 参与爬虫服务架构的设计和研发；
2. 负责开发爬虫系统，完成数据采集与爬取、解析处理、入库及备份等数据日常工作；
3. 研究各种网页探寻特点和规律，负责网页信息抽取、数据清洗等研发和优化工作；
4. 负责抽取算法和数据库建模的调研和设计，保证抽取、去重、分类、解析、增量融合入库等流程之后的数据结果；
5. 对反爬机制有研究，有能力破解复杂图片验证码/账号限制/ip限制。
任职要求：
1. 掌握Python语言。至少2年以上爬虫、搜索、数据库建模的开发经验；有scrapy项目经验加分；
2. 熟悉多种网络协议，HTML、Xpath表达式，css选择器；
3. 掌握数据库：MySQL，Redis，MongoDB等；
4. 掌握以下开发工具：Git，Jenkins，Docker等；
5. 熟悉Linux系统；
6. 具有分布式、多线程/协程/进程的编程经验，有可证明的良好编码习惯，github有个人项目加分；
7. 良好的沟通能力、团队合作精神。认真负责、具有高度责任感；积极面对工作，发挥主观能动性解决问题；优秀的学习能力。
职能类别：
软件工程师
高级软件工程师
关键字：
IT
数据采集
爬虫",深圳市龙岗区坂田坂雪岗大道4010号宏奕产业园C栋3楼（华为基地附近）,https://jobs.51job.com/shenzhen/105095349.html?s=01&t=0
深圳格隆汇信息科技有限公司,"
Python开发工程师","
深圳-南山区|2年经验|本科|招2人|08-16发布",1-1.5万/月,"一、岗位职责：
1、负责分布式爬虫系统和数据采集的设计与开发
2、爬虫策略和防屏蔽规则，提升网页抓取的销量和质量
3、各类互联网数据的采集抓取
4、理解系统数据处理流程以及业务功能需求
二、岗位要求及任职资格：
1、本科以上学历，计算机、软件、数学等相关专业,211、985院校毕业优先，硕博优先
2、在数据、软件工程等相关行业有3年以上工作学术经验；
3、熟练掌握并发编程模型与网络通信编程，以及关系型与非关系型数据库的使用，如MySQL、MangoDB等
4、能够熟练使用各种爬虫技术，并能够通过多种应对策略（包括但不限于：代理池、模拟登录、验证码处理、浏览器渲染等）来保证数据的持续交付
5、熟练使用分布式系统的技术架构与设施，如Kafka、zookeeper、Hadoop等
6、有良好的信息收集与系统学习能力，能够无障碍阅读英文科研、技术文档文献
职能类别：
高级软件工程师",北理工创新大厦,https://jobs.51job.com/shenzhen-nsq/103510723.html?s=01&t=0
深圳友德医科技有限公司,"
中高级Python开发工程师","
深圳-南山区|5-7年经验|本科|招1人|08-16发布",1.5-3万/月,"岗位要求：
1、负责设计、开发、维护爬虫系统及数据抓取；
2、对海量数据进行建模、清洗、分析。
 
任职要求：
1、计算机/人工智能/机器学习/统计学/本科以上学历，对数据敏感；
2、至少熟悉Python框架其中一种(Django、 Tornado、Flask)，本科以上学历；
3、熟悉爬虫抓取原理，了解反爬策略；
4、了解分布式架构，开发过爬虫相关优先，具备快速分析问题解决问题的能力；
5、具有高度责任心、团队合作意识，沟通能力、思路清晰，良好的学习能力。
 
工作地点：南山区科技园
工作时间：5天7.5小时
福    利 ：入职购买五险一金+弹性工作制+各类补贴+良好的工作环境+每月员工聚餐等
公司网站： www.youdeyi.com 
工作地址南山区研祥科技大厦
职能类别：
算法工程师
关键字：
Python
分布式架构
人工智能",研祥科技大厦5楼B1,https://jobs.51job.com/shenzhen-nsq/104594577.html?s=01&t=0
重庆市瑞德铭科技发展有限公司成都分公司,"
Python运营开发（腾讯瑞德铭）","
深圳-南山区|1年经验|本科|招2人|08-16发布",0.8-1.5万/月,"瑞德铭-运营开发岗2人
【岗位职责】
负责网络爬虫平台的开发、维护，及日常运营。
1.网页、APP、搜索等不同类型站点的爬虫开发，周边配套工具建设。
2.维护爬虫正常运行，失效爬虫恢复、策略变更、特征提取等。
3.日常运营，如数据清洗、存储，以及报表统计等。
【岗位要求】
1.计算机相关专业本科及以上，1年或以上linux平台python开发经验。
2.熟悉http协议，URL解析，和html，会使用xpath规则进行特征提取。
3.对开源爬虫有了解，有APP爬虫、Ajax抓取、反爬取等经验优先考虑。
4.耐心细致，亲和力强，沟通良好。

职能类别：
其他",朗科大厦,https://jobs.51job.com/shenzhen-nsq/103697461.html?s=01&t=0
广东国晖律师事务所,"
Python开发工程师","
深圳|无工作经验|招若干人|08-16发布",3.5-7千/月,"岗位职责：
负责设计、开发、维护爬虫系统及数据抓取；
任职要求：
1、至少熟悉Python框架其中一种(Django、 Tornado、Flask)。
2、熟悉掌握 MySQL的使用、设计和优化，能够独立完成功能性SQL、存储过程的开发。
3、熟悉爬虫抓取原理，了解反爬策略；
4、了解分布式架构，开发过爬虫相关优先，具备快速分析问题解决问题的能力。
5、具有高度责任心、团队合作意识，沟通能力、思路清晰，良好的学习能力。
  
职能类别：
软件工程师
互联网软件开发工程师",深圳市福田区莲花支路1号公交大厦二、三楼,https://jobs.51job.com/shenzhen/102361587.html?s=01&t=0
鹏元征信有限公司,"
爬虫技术专家","
深圳|10年以上经验|本科|招1人|08-16发布",3.5-6.5万/月,"1.负责分布式网络爬虫系统的架构设计与开发（如抓取调度，多样化抓取，页面解析和结构化抽取，海量数据存储和读取等） ；
2.负责爬虫核心算法的策略优化研究，提升爬虫抓取效率和质量（如调权调度、分析预测、质量判断、封禁与反封禁研究等）;
3.负责HTTP、AJAX等各类网络请求分析，探索和研究高效的数据抓取解决方案 。
任职要求： 
1. 精通网络爬虫、互联网搜索、大数据新闻、网络多媒体、网络视频、即时通讯等技术，有着丰富的网络数据爬取工程项目经验；
2. 熟悉自然语言处理及语义分析、图像处理、优化算法等理论和技术，丰富的互联网大数据信息处理、搜索引擎、人工智能等行业经验；
3. 熟悉linux和Java开发，熟悉shell/perl/python等脚本语言，熟练掌握正则表达式；
4. 精通一种开源爬虫框架，如scrapy、webmagic、nutch、heritrix等，有开发爬虫框架经验优先；熟悉反爬虫、验证码识别技术者优先；
5. 有多线程、网络数据处理经验优先（如HTTP协议，AJAX，爬虫开发，浏览器内核开发，Web服务开发等）；
6. 有大规模分布式海量数据处理经验（Hadoop/Hbase/Spark/Strom/Flink等）；
7. 具备较强团队合作与敬业精神，富于创新，拥有较强的研究能力、学习能力与执行能力。
职能类别：
高级软件工程师
关键字：
反爬虫
验证码识别
数据采集",深圳市深南大道7008号阳光高尔夫大厦4楼,https://jobs.51job.com/shenzhen/101239132.html?s=01&t=0
深圳丝路天地电子商务有限公司,"
Python开发工程师","
深圳-南山区|2年经验|本科|招若干人|08-17发布",1-2万/月,"来这里，我们希望你和我们一起实现稳定安全高效的旅游，
所以如果你有丰富的项目经验，在Python技术领域身怀六甲，学富五车，我们这里有舞台，和我们的Python团队一起做旅游 一起周游世界。
技能要求：
1.需具备2年以上Python开发经验，参与过大型高并发网站开发和实施工作；
2.精通Python语言，熟练使用常用模块，使用过Flask/Django/Tornado等web框架；
3.具有良好的自学能力，能通过研究开源项目来解决开发中遇到的难题；
4.熟悉以下技术者优先考虑：Redis、Memcache、MongoDB、Hadoop。
5.有前端（HTML、CSS、JavaScript、JQuery、Bootstrap）开发经验是加分项；
6.数据挖掘，大数据，爬虫工作经验者优先
7.有想法 创新能力 乐于
8.良好的英文文档阅读能力 计算机 数学等相关专业 数据结构和算法基础良好
职能类别：
软件工程师
算法工程师
关键字：
大数据
推荐引擎
自然语言处理
搜索
人工智能",深圳市南山区阳光科创中心B座2703,https://jobs.51job.com/shenzhen-nsq/99078042.html?s=01&t=0
深圳法通科技有限公司,"
Python开发工程师","
深圳-龙华新区|无工作经验|招若干人|08-17发布",4-8千/月,"岗位职责：
负责设计、开发、维护爬虫系统及数据抓取；
任职要求：
1、至少熟悉Python框架其中一种(Django、 Tornado、Flask)。
2、熟悉掌握 MySQL的使用、设计和优化，能够独立完成功能性SQL、存储过程的开发。
3、熟悉爬虫抓取原理，了解反爬策略；
4、了解分布式架构，开发过爬虫相关优先，具备快速分析问题解决问题的能力。
5、具有高度责任心、团队合作意识，沟通能力、思路清晰，良好的学习能力。
职能类别：
软件工程师
互联网软件开发工程师",龙屋工业区,https://jobs.51job.com/shenzhen-lhxq/103146044.html?s=01&t=0
深圳海云安网络安全技术有限公司,"
Python 信息安全开发工程师","
深圳-福田区|无工作经验|本科|招若干人|08-17发布",1-2万/月,"岗位职责：
1、根据产品需求，配合前端开发实现后端服务；
2、参与产品的维护和优化提升；
岗位要求：
1. 计算机相关专业本科以上学历；
2. 熟练运用Python语言及常用模块；
3. 熟练掌握Linux下Shell语言；
4. 熟练掌握Python多线程、多进程、协程、异步、分布式开发方式；
5. 熟练掌握Mysql、MongoDB、Redis、RabbitMQ中一种或多种；
6. 有过爬虫开发经验者优先；
7. 懂安全，搞过安全开发的优先；
8. 独立写过漏洞验证程序POC、漏洞利用程序EXP、安全相关平台的优先；
职能类别：
软件工程师
关键字：
Python",沙头街道天安社区泰然五路天安数码城天展大厦5D508室,https://jobs.51job.com/shenzhen-ftq/105593486.html?s=01&t=0
深圳市恒程科技创新服务有限公司,"
爬虫开发工程师","
深圳-南山区|3-4年经验|大专|招1人|08-17发布",1.5-2万/月,"岗位职责：
1.负责分布式网络爬虫系统的架构设计与开发（如抓取调度，多样化抓取，页面解析和结构化抽取，海量数据存储和读取等）；
2.负责爬虫核心算法的策略优化研究，提升爬虫抓取效率和质量（如调权调度、分析预测、质量判断、封禁与反封禁研究等）；
3.负责HTTP、AJAX等各类网络请求分析，探索和研究高效的数据抓取解决方案
任职要求：
1. 精通网络爬虫、互联网搜索、大数据新闻、网络多媒体、网络视频、即时通讯等技术，有着丰富的网络数据爬取工程项目经验；
2. 了解自然语言处理及语义分析、图像处理、优化算法等理论和技术，丰富的互联网大数据信息处理、搜索引擎、人工智能等行业经验；
3. 熟悉linux和PHP开发，熟悉shell/perl/python等脚本语言，熟练掌握正则表达式；
4. 精通一种开源爬虫框架，如scrapy、webmagic、nutch、heritrix等，有开发爬虫框架经验优先；熟悉反爬虫、验证码识别技术者优先；
5. 有多线程、网络数据处理经验优先（如HTTP协议，AJAX，爬虫开发，浏览器内核开发，Web服务开发等）
职能类别：
软件工程师
关键字：
爬虫工程师",深圳市南山区科技园北区松坪山路3号奥特迅大厦二层,https://jobs.51job.com/shenzhen-nsq/101292700.html?s=01&t=0
深圳市达内软件有限公司,"
大数据/python技术支持老师","
深圳|1年经验|大专|招2人|08-17发布",0.8-1万/月,"大数据招聘
任职资格：
1、计算机及相关专业本科以上学历，半年以上大数据相关工作经验；
2、了解Hadoop/spark等开源系统, 有相关系统设计经验；熟悉scala或java语言编程；
3、了解基于Spark/Spark streaming/impala/hive环境的大数据分析处理；
4、有大数据分析处理经验优先考虑。 
5、有良好的沟通能力和程序排错能力。 
6、良好的团队合作能力，勤奋好学。
 
Python招聘
任职资格
1、计算机相关专业，大专以上学历，有一年以上python开发经验；
2、精通python语法和面向对象的相关知识
3、能够熟练使用Linux系统的常用命令；
4、熟练使用Mongodb、mysql 数据库，具有相关应用开发经验及数据库设计能力；
5、熟练使用常用的Web框架Django,tornado；
6、研究过chatterbot源码或机器人的优选；
7、会运用JavaScript、Ajax、XML, HTML, CSS等相关技术；
8、有三个月以上爬虫经验，熟悉使用scrapy框架优先考虑；
9、有完整项目经验、自主学习能力强，具有良好的敬业精神和团队协作能力，以及较好的沟通表达能力。 
 
岗位职责（两个岗位一样）：
1、了解本产品线课程体系并熟练掌握其中知识点。
2、快速有效的解决学员课堂上的问题。
3、晚自习辅导并监督学员完成作业，对于基础较差的学员多加关注。
4、阶段性对学员知识掌握的情况做摸底考核，并指出学员不足的地方。
5、针对学员难以理解或比较重要的知识点进行串讲（讲课）。
6、辅导学员简历项目部分和面试中遇到的问题，提高学员就业的成功率。
7、领导安排的其他事项。
职能类别：
培训讲师
培训产品开发
关键字：
大数据
python
java
编程
技术讲师",深圳市宝安区西乡商会大厦10楼,https://jobs.51job.com/shenzhen/102069765.html?s=01&t=0
深圳市前海锐义金融服务有限公司,"
爬虫工程师","
深圳-福田区|3-4年经验|本科|招若干人|08-17发布",1.5-2万/月,"1、高效地获取外部数据，满足公司对数据的需要； 
2、负责模拟登录，数据抓取，数据解析等开发工作； 
3、负责优化和完善爬虫基础框架和工具，确保数据获取稳定性；
任职要求：
1、计算机相关专业，三年以上开发经验，熟练掌握JAVA、javascript等编程语言，懂python者优先； 
2、熟悉http协议、ajax、htmlunit、Jsoup、XPATH，css selector 等技术； 
3、熟悉浏览器调试技术，有Web开发经验和关系数据库使用经验； 
4、有验证码识别、脱壳反编译、动态ip代理、大数据检索等实际经验优先； 
5、fullstack工程师优先。
职能类别：
软件工程师",生命保险大厦,https://jobs.51job.com/shenzhen-ftq/103158302.html?s=01&t=0
深圳市道合顺科技有限公司,"
Python开发工程师","
深圳-福田区|3-4年经验|本科|招1人|08-17发布",1.5-2万/月,"Python开发工程师
岗位职责：
 
1. 使用Python的Web开发框架进行后台开发
2. 网络数据的爬取及分析处理
3. 参与开发流程的梳理及相关开发文档的撰写
4. 与测试人员协作，对反馈的需求或BUG进行相应处理
 
任职要求：
1. 3年以上python语言后台开发经验，使用过Django/Tornado/Flask等web框架
2. 从事过数据爬虫相关工作优先考虑；
3.  熟悉Mysql、SqlServer、Redis、Mongo等常用数据库其中一种；
4.  了解HTML、CSS、javascript等前台技术
5.  对计算机系统、网络安全、应用系统架构等有较全面的认识；
职能类别：
互联网软件开发工程师
关键字：
开发工程师",深圳市福田区华富路1004号南光大厦718,https://jobs.51job.com/shenzhen-ftq/101518083.html?s=01&t=0
深圳市炫彩酷游科技有限公司,"
Python开发工程师","
深圳-南山区|2年经验|大专|招若干人|08-17发布",1-1.5万/月,"岗位职责：
1. 负责公司各个网站系统平台建设
2. 负责各个平台的日常维护
任职要求：
1. 大专及以上学历，计算机相关专业
2. 熟练使用pythong，熟悉Django、webpy、flask等框架，构建过nginx+uWSGI+python的web-services者优先；
3. 熟悉linux，shell基本命令
4. 开发过爬虫相关优先，具备快速分析问题解决问题的能力
5. 有强烈的上进心和求知欲，善于学习和运用新知识, 保持对新技术的热情
福利待遇：5险1金+重大意外险+全勤奖+季度团建+运动健身补贴+下午茶+加班零食+项目奖金+年终奖+带薪年假+各种节日礼品+结婚礼金+生育礼金+各种国家法定假日+组织外出旅游聚餐等。
职能类别：
软件工程师
关键字：
python
django
爬虫
web",深圳市南山区高新中三道9号环球数码大厦B区10楼,https://jobs.51job.com/shenzhen-nsq/93639217.html?s=01&t=0
爱客科技（深圳）有限公司,"
高级爬虫组开发经理","
深圳-南山区|5-7年经验|本科|招1人|08-17发布",2.5-5万/月,"职位诱惑：
***,国际团队,全球项目,三年盈利
网络爬虫 (组长) 高后台工程师
if (your.passions.include('coding')) {
switch(your.role) {
  case 'coder':
  case 'geek':
  case 'nerd':
  case 'gatekeeper_of_gatekeepers':
  case 'red_or_blue_pill':
    console.log('来加入我们 AfterShip =]');
  break;
  default:
}  
}
AfterShip.stacks = ['Python', 'Scrapy', 'k8s', 'ipa', 'Service Worker', 'AWS', 'GCP', 'Serverless', 'NoSQL'];
岗位职责：
1、负责后台与不同物流公司的系统对接，使用各种 API及网络爬虫技巧，抓取、分析、调度、存储，为公司业务提供正确稳定的数据。
2、负责快递查询系统之 SLA , 代码维护、秩代更新，保证任务质量和交付及时性。
3、负责编写相关的技术文档。
4、负责编制单元测试，提高系统覆盖率，敢于对产品质量负责。
5、负责制定技术标准及研究新技术，有效地提高工作效率。
6、负责系统关键模块的技术攻关，协助解决项目中的难题。
7、负责根据部门战略目标，制定团队的工作目标，进行团队的质量管理和能力建设。
岗位要求：
1、至少 1 年带团队经验。
2、统招本科及以上学历，计算机相关专业（985/211院校优先）；
3、2 年或以上 Nodejs / Python 开发工作经验，优秀的 Javascript 基本功。
4、熟悉 Git / Github，通信协议 TCP/HTTP 及 RESTful 标准。
5、熟悉主流测试方法、工具，并不断结合前沿技术提升整体测试效率和研发质量。
6、熟悉敏捷开发工具及开发流程。
7、有 MySQL、 Redis 或 MongoDB 等相关数据库使用经验。
8、有 Scrapy 等使用经验。
9、有 Docker、Kubernetes、AWS 或 GCP 云计算经验者优先。
10、有 CI / CD 自动化持续集成和持续交付经验者优先。
11、具备英语听说读写能力，CET6或以上。
职能类别：
高级软件工程师
关键字：
爬虫
高级
后台
开发
经理
管理
python",中国地质大学产学研基地2楼科技寺A208,https://jobs.51job.com/shenzhen-nsq/104372317.html?s=01&t=0
深圳市百诺信科技有限公司,"
Python高级开发工程师","
深圳|3-4年经验|大专|招3人|08-17发布",15-20万/年,"任职要求：
1、3年以上Python开发工作经验，熟悉Linux系统;
2、2年以上数据采集，爬虫相关工作经验，熟悉一种以上主流的爬虫工具;
3、熟悉mysql数据库开发与优化；  
4、对算法和数据结构比较了解，并能灵活运用者优先;
5、熟悉JavaScript、HTML前端开发，有jQuery、Bootstrap使用经验者优先； 
6、良好的自我驱动与学习能力。
岗位职责：
1、负责构建业务数据平台及数据可视化体系； 
2、负责开发数据分析处理、数据挖掘任务；
3、负责网络爬虫采集规则的编写；
4、解决网页抓取、信息抽取等问题，构建高可用性、高扩展性网络信息收集平台；
5、负责业务平台的搭建和开发。
联系方式:
上班地址：深圳市南山区南头关口二路智恒产业园E区01B栋305室
联系人：何小姐
办公手机：0755-86128987
职能类别：
信息技术专员",南山区南头关口二路智恒产业园E区01B栋305室,https://jobs.51job.com/shenzhen/85675540.html?s=01&t=0
深圳华强聚丰电子科技有限公司,"
Python开发工程师","
深圳-福田区|1年经验|本科|招2人|08-17发布",1-2万/月,"1、负责开发新爬虫和优化现有的爬虫
2、负责网页信息抓取结果的抽取、数据清洗、分类、聚类等研发工作
3、负责爬虫平台系统的架构设计与开发以及爬虫核心算法的策略优化研究
职位要求：
1、 有1年以上Python语言为主的开发经验，精通网页抓取原理及技术（必须）。
2、对反爬虫策略，
验证码破解（非调用打码平台）
等有一定的经验。
3、 熟悉Mysql数据库开发，熟悉MongoDB、redis
4、 熟悉html、css、js
职能类别：
大数据开发/分析",深圳市福田区上梅林华强云产业园,https://jobs.51job.com/shenzhen-ftq/100971744.html?s=01&t=0
深圳市盛凯信息科技有限公司,"
Python开发工程师","
深圳-福田区|1年经验|大专|招1人|08-17发布|计算机科学与技术",1-1.5万/月,"岗位要求：
1、 根据产品需求，按时完成指定任务的设计与开发；
2、 配合其他研发人员完成项目的开发、调试及上线维护等工作；
3、 负责所属模块技术文档的编写及维护；
4、 有脚本开发的能力，帮助金融客户完成自动化配置的脚本开发等
5、 能与华为后端研发资源对接
技能要求
1. 1年以上python开发经验，熟悉c&c++者优先考虑
2. 精通Python面向对象、多进程、多线程、数据分析等技术
3. 精通Python操作memcache/redis等nosql的方案
4. 精通Python操作mysql，并对mysql有一定的运维能力
5. 精通django框架，熟悉admin或xadmin
6. 熟悉linux操作环境，熟悉Nginx/Apache配置优化
7. 善于沟通、工作积极、责任心强，有较好的团队合作精神。
职能类别：
高级软件工程师
关键字：
python
c++
软件开发
爬虫",泰然八路水松大厦6C,https://jobs.51job.com/shenzhen-ftq/103344781.html?s=01&t=0
深圳百一软件科技有限公司,"
[SQB40]Python实习生","
深圳-宝安区|无工作经验|大专|招6人|08-17发布",4.5-7千/月,"岗位职责：
1、协助研发工程师负责公司业务媒介及广告主数据对接和接口联调技术支撑；
2、协助研发工程师负责数据后台数据处理脚本编写及数据标签归库工作处理；
3、协助研发工程师负责数据业务爬虫程序开发；
4、熟悉 Mysql 数据库的使用；
任职要求：
1.专科以上学历；
2.有较强的自学能力，攻克技术难点的能力，具有强大的沟通能力；
3.有良好的沟通能力、积极主动性、条理性和逻辑思维能力；
4.做事积极主动，具备良好的学习能力和系统思考能力，团队合作精神。
薪资福利：
1、工作时间9：00~17:30 ，周末双休；
2、五险一金+法定假期+节假日福利；
3、有完善的培养体系、加薪和晋升制度，每年4次加薪机会，全年14~~17个月薪资；
4、提供交通、餐饮、话费补贴；
5、交通方便，靠近地铁口；工作地址：深圳石岩；
6、满一年员工享有公司规定7~15天年休假；
职能类别：
软件工程师
互联网软件开发工程师
关键字：
Python
实习
助理
互联网
技术
开发",创业智慧城A1栋4楼,https://jobs.51job.com/shenzhen-baq/105399935.html?s=01&t=0
武汉微思敦网络技术有限公司,"
高级Python开发工程师（深圳）","
深圳-南山区|5-7年经验|本科|招1人|08-17发布",2-3万/月,"一、岗位职责：
1、负责线上系统的优化及维护；
2、完成项目的需求设计及开发；
3、负责开发过程中相关文档的编写；
4、保质保量完成上级安排的工作。
二、任职要求：
1、本科及以上学历，4年以上的互联网开发经验；
2、精通PythonWeb开发，熟悉Django、Tornado框架，具有严谨的OOP和OOD思维，熟悉常用的算法和数据结构；
3、熟悉linux系统常用命令,工具的使用；
4、熟练使用redis,mongodb；
5、具备良好的分析解决问题能力，能独立承担任务和有系统进度把控能力;有较好的沟通交流能力，能够迅速融入团队，自我驱动，心态成熟，学习能力强；
6、有大数据、机器学习经验者优先，主要精力集中在爬虫的请勿投递。
职能类别：
Web前端开发
高级软件工程师",深圳市南山区高新南九道9号威新软件园2号楼502室,https://jobs.51job.com/shenzhen-nsq/96098994.html?s=01&t=0
深圳市中鹏教育科技股份有限公司,"
PYTHON讲师","
深圳-南山区|3-4年经验|大专|招3人|08-17发布|普通话熟练",1.7-3.4万/月,"不是招生！不是招生！不是招生！
重要的事情说三遍！
也不是让您过来参加我们的培训！
我们招聘的是讲师，自己的工作人员！
岗位职责：
1、负责Python课程体系设计和完善；
2、负责Python课程的讲授；
3、完成领导交办的其它工作。
岗位要求：
1、至少3年以上Python编程经验；
2、精通Python全栈开发，精通Django Web框架；
3、深刻理解计算机原理，有良好的数据结构和算法基础；
4、熟悉面向对象程序设计方法；
5、熟练数据库表设计、SQL语法，熟练MySQL数据库；
6、熟练web前端技能, 包括html/css/javascript/jquery/boostrap；
7、熟练Linux环境开发，熟练使用SHELL命令和脚本语言；
8、熟练基于Linux应用程序的管理和配置，如Docker、Redis、GitLab、Ansible、Nginx、Zabbix、Jenkins等；
9、有Python网络爬虫相关开发经验优先；
10、具备大型网站或高并发系统开发、设计工作经验者优先。
福利待遇
1、薪资待遇：年薪20-50万，能力越高，薪酬越高；
2、入职即为员工交纳五险一金；
3、公司会按国家法定节假日实行带薪休假(春节、元旦节、清明节、劳动节、端午节、中秋节、国庆节)，并有节日福利发放。尤其您在公司还可享受令人羡慕的长达15天的春节假；
4、办公环境舒适优越，工作氛围和谐，领导nice；公司周围交通便利，生活设施完善，临近地铁站和公交站台；
5、公司提供免费学习机会，可根据自己的工作需要和兴趣来申请报读相关课（人力资源管理师、心理咨询师、采购师、学历提升、各种设计类课程等），进行自我提升；
6、您在结婚时会收到来自公司的礼金；
7、关于就餐，若您自己在家里做饭，公司有储存和加热的冰箱与微波炉；
8、每年享受2次公司集体旅游，每季度享受1次部门活动；
9、每周举办丰富多样的文体活动，现设篮球队、跑团、羽毛球队、游泳队；
10、公司目前为新三板上市公司，可以给你提供更大的发展空间。
职能类别：
高级软件工程师
讲师/助教",南山大道亿利达大厦B区2楼,https://jobs.51job.com/shenzhen-nsq/103240894.html?s=01&t=0
北京千锋互联科技有限公司深圳分公司,"
Python讲师","
深圳-宝安区|无工作经验|招若干人|08-17发布",1.5-3万/月,"1、负责Python课程的讲授；
2、负责Python课程体系设计和完善；
3、完成领导交办的其它工作 ;
任职要求：
1. 有较强的责任心, 做事认真, 善于学习
2. 至少2年以上Python编程经验
3. 熟练掌握Python语言语法及常用模块
4. 熟悉掌握关系型数据库MySQL, 掌握非关系型数据库Redis, MongoDB等
5. 熟悉HTML, CSS, JavaScript, jQuery等前端技术
6. 熟练使用Linux常用命令, 掌握Shell脚本语言
7. 熟练运用Django, Flask等常用开发框架者优先
8. 熟练掌握常用的爬虫技术和反爬策略, 能熟练使用Scrapy爬虫框架者且有相关工作经验者优先
9. 掌握数据分析和机器学习相关技术者优先, 如:pandas,matpoltlib,KNN,线性回归与逻辑斯蒂回归,决策树与贝叶斯,TensorFlow等.
职能类别：
讲师/助教
职业技术教师
关键字：
python讲师
Python
scapy
爬虫
django
flask",深圳市宝安区宝安大道5010号西部硅谷B座6楼,https://jobs.51job.com/shenzhen-baq/100120770.html?s=01&t=0
深圳智通财经信息科技服务有限公司,"
Python开发工程师","
深圳|3-4年经验|大专|招1人|08-17发布",1-2万/月,"岗位职责:
1、SaaS平台研发、优化和维护；
2、自动化资讯聚合平台研发，提升资讯编辑发布效率，推进资讯全面（完整）化；
3、监控决策平台研发，通过量化指标，结合大数据技术，提升监控决策质量；
职位要求:
1. 熟悉Python，掌握基本数据结构，熟悉标准数据库，认同Python设计理念；
2. 熟悉常见的Python框架，精通Scrapy，Redis，ElasticSearch，分布式爬虫优先；
3. 熟悉常见的数据库，熟练掌握Mysql，Mongodb，Redis者优先
4. 掌握Linux操作系统，熟悉ngin?x，WSGI,理解TCP,HTTP等网络协议；
5. 具有自然语言处理、文本聚类、舆情监测、情感分析相关研发经验优先；
加分项：
Full Stack工程师优先；熟悉云计算、大数据、监控相关技术优先；熟悉NLP、分布式爬虫、去重等技术优先；
职能类别：
软件工程师",深南大道6025英龙大厦1004,https://jobs.51job.com/shenzhen/105410221.html?s=01&t=0
深圳前海全盈科技有限公司,"
大数据开发工程师","
深圳-福田区|2年经验|本科|招若干人|08-17发布",1-1.5万/月,"岗位要求: 
1：三年以上大数据开发经验，本科及以上学历；
2：熟悉Hadoop、HDFS、Hive、HBase、MapReduce等分布式系统相关技术；
3：数据挖掘经验、海量数据处理经验者优先；
4、熟悉Oracle、Mysql数据库、索引优化、熟悉存储过程、触发器及性能优化
5：熟悉Spark、SparkSQL、SparkStreaming等框架；
6：熟练Java语言，了解Python、算法优先。 
岗位职责：
1：搭建基于Hardoop/Spark/Shark的大数据平台、开发和维护； 
2：负责爬虫架构设计和研发、搜索策略、算法、数据聚类、重组的设计与开发
2：海量数据的自动化分析处理和统计工作；
3：负责大数据平台展现层的研发工作。
公司福利：
 
v
 
工作时间：
5天7.5小时，周末双休，朝九晚六（弹性工作时间）
v
 
五险一金：
入职购买、（一档医疗险）
v
 
餐饮补贴：
午餐补贴、加班晚餐补贴
v
 
奖金：
全勤奖、每月团建费、绩效奖金、年终奖、贡献奖
v
 
薪资：
具有竞争力的薪酬、年度调薪、工资可预支
 
v
 
培训：
入职培训、技能培训、职业生涯培训、外请专家培训等
v
 
活动
：生日会、部门活动、兴趣活动、年度旅游、年度体检、年会等
v
 
带薪假期：
享受国家法定节假日、年假、婚假、产假、陪产假、有薪病假等
 
v
 
节日礼品、礼金：
生日红包、结婚红包、满月红包、过节礼品或礼金
v
 
办公环境：
甲级写字楼、宽敞明亮、环境舒适、
交通便利
、
地铁直达一楼大厅
v
 
其他福利：
下
午茶任吃、年轻充满朝气的团队，人性化管理
 
公交信息：乘车至
“
卓越时代广场
”或“
购物公园地铁站
”或“
信息枢纽大厦
”站台下车
地铁信息：方案
1（乘地铁""
1
号线""
或""
3
号线
 ""
至
“
购物公园
”下车往
D
出口
         
方案
2（乘地铁""
2
号线""
或""
11
号线
 ""
至
“
福田
”下车往
B12
出口
         
方案
3 （乘地铁""
4
号线
 ""
至
”
会展中心
“
下车往
C
出口
    
 
全盈科技期待你的加入！
职能类别：
软件工程师
高级软件工程师
关键字：
大数据开发
spark
软件工程师
程序员
大数据工程师",卓越时代广场,https://jobs.51job.com/shenzhen-ftq/96047242.html?s=01&t=0
南京小安信息科技有限公司,"
网络爬虫工程师","
深圳-宝安区|2年经验|本科|招2人|08-17发布",1-1.5万/月,"1、参与爬虫系统的架构设计和研发，独立进行抓取和清洗工作；
2、参与爬虫核心算法的策略优化研究；
2、根据要求完成相应模块，持续优化代码。
任职要求：
1、2年以上爬虫相关工作经验有过网络爬虫、网页去重、网页信息抽取优先；
2、掌握java/C++/js等语言；
3、对网络协议原理等熟知，熟悉web前端，可读懂js代码；
4、掌握常见解析方法，会使用正则4、掌握python语言，有一年以上使用经验；
5、熟练linux操作，可进行简单维护与脚本编写5、熟练使用nosql数据库中至少一种。
6、我们是一家高成长性公司，上班时间相对弹性，能适应加班。
职能类别：
网络工程师",宝安区新桥街道上寮工业路18号,https://jobs.51job.com/shenzhen-baq/104653398.html?s=01&t=0
深圳市宏博伟智科技有限公司,"
爬虫工程师","
深圳-龙岗区|2年经验|本科|招1人|08-17发布",1-1.8万/月,"任职资格：
1、计算机相关专业本科以上学历，2年以上亚马逊平台数据采集、爬虫相关工作经验；
2、精通java或者python，熟悉一种以上主流的爬虫工具优先，如webmagic，nutch等；
3、丰富的爬虫经验，能够解决反爬虫、网络异常等各种常见爬虫问题；
4、熟悉网络编程(TCP/HTTP 协议)，多线程、多进程相关知识，有大型B2C、C2C电商网站分布式爬虫架构、数据挖掘等实践经验者优先。
岗位职责：
1、负责公司商业大数据爬虫系统的架构、设计、研发与管理维护；
2、负责网络数据抓取规划、清洗以及汇总的开发工作；
3、定期爬取指定网站（如亚马逊、ebay平台）的数据，为业务部门提供数据支持；
4、挖掘算法优化，数据分类及分布统计，为其他部门提供特定需求的数据。
职能类别：
互联网软件开发工程师
关键字：
爬虫",坂田街道环城南路5号坂田国际中心D栋8楼,https://jobs.51job.com/shenzhen-lgq/104220595.html?s=01&t=0
深圳前海移联科技有限公司,"
爬虫开发工程师","
深圳-南山区|无工作经验|招1人|08-17发布",1.2-1.8万/月,"任职要求：
1.Java基础扎实，具有网络爬虫实际开发经验一年以上。
2.掌握常用网络抓取技术如Jsoup、selenium等。
3.熟练使用Spring、Mybatis、hibernate等技术相关的应用开发；
4.掌握Mysql数据库开发经验，熟悉常用的sql知识；
5.掌握python语言和使用python进行网络抓取开发者优先。
6.善于主动学习，热爱和关注互联网相关技术。
福利待遇：双休、五险一金、年终奖、带薪年假、法定假期、活动经费、生日会、旅游、下午茶、协调户口等。
职能类别：
软件工程师",深圳市南山区科技园北区同方信息港A栋9楼,https://jobs.51job.com/shenzhen-nsq/105093063.html?s=01&t=0
睿思商业智能（深圳）有限公司,"
[SQR27]Python实习生","
深圳-福田区|无工作经验|大专|招6人|08-18发布",4.5-7千/月,"岗位职责：
1、协助研发工程师负责公司业务媒介及广告主数据对接和接口联调技术支撑；
2、协助研发工程师负责数据后台数据处理脚本编写及数据标签归库工作处理；
3、协助研发工程师负责数据业务爬虫程序开发；
4、熟悉Python开发语言，具备Python开发基础能力；
5、熟练使用Python标准库及常用第三方库；
6、熟悉 Mysql 数据库的使用；
7、掌握LinuxUnix操作系统的基本操作。
任职要求：
1.专科以上学历；
2.有较强的自学能力，攻克技术难点的能力，具有强大的沟通能力；
3.有良好的沟通能力、积极主动性、条理性和逻辑思维能力；
4.做事积极主动，具备良好的学习能力和系统思考能力，团队合作精神。
薪资福利：
1、工作时间9：00~17:30 ，周末双休；
2、五险一金+法定假期+节假日福利；
3、有完善的培养体系、加薪和晋升制度，每年4次加薪机会，全年14~~17个月薪资；
4、提供交通、餐饮、话费补贴；
5、交通方便，靠近地铁口；可安排住宿；
6、满一年员工享有公司规定7~15天年休假；
职能类别：
互联网软件开发工程师
技术文员/助理
关键字：
Python
实习生
脚本
软件工程
互联网
助理",滨河大道联合广场A座35楼,https://jobs.51job.com/shenzhen-ftq/105111863.html?s=01&t=0
深圳市易世通达贸易有限公司,"
高级爬虫工程师","
深圳-南山区|3-4年经验|本科|招1人|08-18发布",1.2-1.8万/月,"岗位职责
1、 负责公司大数据爬虫系统的架构、设计、研发与管理维护；
2、设计爬虫策略与算法，提升抓取效果；
3、持续优化系统，提高系统的稳定性及性能；
4、处理海量结构化数据的挖掘，找寻数据间的内在关联，并在此基础上构建机器学习模型；
5、挖掘算法优化，数据分类及分布统计，为其他部门提供特定需求的数据；
任职要求：
1、2年及以上Java开发经验，熟悉Windows与Linux开发环境，精通Java 、Python、C++、shell等语言，
2、精通Struts2、Hibernate、Spring、Mybatis、SpringMVC，maven等开源框架。
3、精通html语言，熟悉Lucene/Nutch/Heritrix/larbin/jsoup/webmagic等开源工具，webmagic熟悉使用者优先；
4、丰富的爬虫经验,能够解决反爬虫、网络异常等各种常见爬虫问题；
5、熟悉网络编程(TCP/HTTP 协议)，多线程、多进程相关知识，有大型C2C、B2C电商网站分布式爬虫架构、数据挖掘等实践经验者优先；
6、熟悉Elasticsearch、Spark、MongoDB 、MySQL、Redis等，具有丰富的大型数据平台工程经验者优先
7、优秀的分析、解决问题能力,对处理未知的、挑战性问题充满激情；
8、对数据敏感、有创新精神、主动思考和获取新知识，具有较强领悟力，积极上进，性格乐观，态度踏实，耐心细致，责任心强，具备良好的客户需求理解能力、良好的团队协作和优秀的沟通能力，能承受较大的工作压力。
职能类别：
大数据开发/分析
关键字：
爬虫",深圳市南山区西丽镇平山村大园工业区14栋401,https://jobs.51job.com/shenzhen-nsq/100574307.html?s=01&t=0
深圳市奥肯特科技有限公司,"
平台软件工程师","
深圳-南山区|无工作经验|本科|招3人|07-18发布",1.5-2万/月,"岗位职责：
1. 使用 python 语言对系统后台业务逻辑进行开发以及维护
2. 负责研发分布式的网络爬虫应用，实现文本、图像数据的抓取、抽取，去重、分类、垃圾过滤、解析入库等工作
3. 负责移动APP产品的云端服务设计和开发
4.有H5、CMS实际开发经验优先
任职要求：
1. 有好的团队合作意识。有很好的代码、注释、文档编写规范及习惯
2. 2年以上Python服务器端开发经验；
3. 熟悉Python语言，使用过Django/Tornado/Turbogears等web框架(之一)；
4. 熟练使用Linux、及MySQL/PostgreSql数据库，有独立搭建开发环境的能力；
5. 了解Web前端技术，包括XHTML/XML/CSS/JavaScript/AJAX等，有AngularJS开发经验者优先；
6. 1年以上编写网络爬虫经验，熟悉Scrapy的优先
7. 熟悉Celery等任务队列框架以及消息队列者优先；
8. 熟练使用redis/mongodb等nosql数据库并且有相关项目经验者优先；
 支持数据分析工具和产品的开发
职能类别：
高级软件工程师
手机应用开发工程师
关键字：
APP
数据库
账目清分
GIS
周末双休",高新技术工业区南区R3-A六楼,https://jobs.51job.com/shenzhen-nsq/70877766.html?s=01&t=0
深圳云天励飞技术有限公司,"
大数据系统研发工程师","
深圳-福田区|3-4年经验|本科|招2人|07-25发布",1-2万/月,"1、参与Hadoop系统的架构设计、系统研发和业务挖掘工作。
2、参与图像大数据挖掘项目的开发。
岗位要求：
1、具备三年以上Java/Spring工作经验, Hadoop研发经验两年以上；
2、熟悉Java平台IO、多线程、网络等基础知识和相关框架；
3、熟悉Linux基础知识和常用命令，能独立分析和解决问题；
4、熟悉HDFS、Hbase、Hive等大数据存储技术工具，原理和应用；
5、熟悉Yarn/Mesos、MapReduce/Spark，Kylin等大数据分析技术工具，原理和应用；
6、熟悉数据集成和大规模数据转换技术和工具，如Kettle，Sqoop，Flume等；
7、熟悉数据采集工程（爬虫）工作原理，能编写和部署大规模爬虫系统；
8、善于学习、与人沟通、为人正直、诚信, 有较强的事业心；
9、具有数据仓库建设或应用相关项目经验优先。
有以下经验尤佳：
1）熟悉搜索引擎开发；
2）熟悉Scrapy或者WebMagic；
3）熟悉NoSQL或NewSQL技术；
4）熟悉Scala/Python/R；
职能类别：
系统工程师",深圳市福田区上步中路1003号科学馆7层,https://jobs.51job.com/shenzhen-ftq/96178548.html?s=01&t=0
深圳市傲基电子商务股份有限公司,"
高级运维开发工程师(职位编号：AUKEY001039)","
深圳-龙岗区|3-4年经验|大专|招1人|07-27发布",1.5-2.5万/月,"岗位职责:
开发自动化运维平台和相关项目

任职资格:
1.能独立开发web系统。
2.大专及以上学历，三年以上python开发经验，有爬虫相关实战经验精通Python语言，熟练使用DjangoWeb框架，有DjangoRestFramework经验优先。
3.熟练前端（HTML5、CSS、JavaScript）开发，熟练Python、Chrome调试工具。
4.独立解决问题能力强，能通过研究(新技术开源项目)来解决开发中遇到的难题。
5.思路清晰，逻辑思维能力强，具有很强的问题细节捕捉、分析和解决能力。
6.良好的编码习惯，编写优质，易维护的代码，有责任性、抗压能力强。
职能类别：
高级软件工程师
软件工程师",平湖华南城电子交易中心p09栋102号,https://jobs.51job.com/shenzhen-lgq/96955384.html?s=01&t=0
深圳前海帕拓逊网络技术有限公司,"
Python开发工程师","
深圳-龙岗区|2年经验|大专|招2人|08-18发布",1.5-2.5万/月,"1. 2年以上Python开发经验，熟悉网络爬虫或数据处理和分析相关的开发；
2. 负责web数据采集相关的开发，熟悉web数据的抓取、解析等开发工作，有一定数据清洗和分析基础；
3. 熟悉应对反爬策略的方式方法，并有成功绕过反爬策略的案例；
4. 具有很强的技术钻研能力。
任职资格:
1. 精通python，scrapy，pyspider，Selenium 等框架，深入研究过scrapy，pyspider框架的源码，并能对scrapy，pyspider框架的源码进行修改和优化；
2. 熟悉网络抓包工具，熟悉使用正则表达式；熟悉HTTP传输协议，能模拟各类操作进行数据的爬取；
3. 了解数据清洗和分析相关的工具，了解大数据分析；
4. 具有较强的分析和解决问题能力，以解决技术难题为乐趣，有想法，敢于挑战；
5. 熟悉MySQL、mongodb、有数据库开发经验者优先，有 GitHub 地址或技术博客地址者优先。
部门特色亮点：
1，部门采用OKR（目标与关键结果）管理，每次OKR达成之后奖励3天的带薪假期；
2，使用游戏币对员工进行激励，员工之间可以相互点赞并发数字币，数字币可以兑换为礼品；
3，使用看板管理，所有的价值及任务流通都通过物理看板及电子看板进行管理，真正的敏捷开发；
4，20人技术团队，团队核心成员来自唯品会，360等大公司。
项目介绍：
和技术团队一起参与完成每天上千万次抓取量的抓取服务实战，参与数据采集，数据清洗，结构化等步骤最后让数据用来做商业分析的整个过程。如果您是大神，可以来这里一展所学；如果你是初学者，来这里感受什么是极速成长。
职能类别：
软件工程师
互联网软件开发工程师
关键字：
Python
网络爬虫
数据处理",坂田五和大道南49号金方华电商产业园9栋B202,https://jobs.51job.com/shenzhen-lgq/99132556.html?s=01&t=0
深圳市泽林软件技术有限公司,"
python讲师","
深圳-南山区|无工作经验|本科|招若干人|08-18发布",1.5-2.5万/月,"工作职责：
1、负责Python产品线教研教学相关工作，包括但不局限于授课、课程体系优化等。
2、配合相关就业、招生部分相关工作，包括但不局限于就业辅导、公开课宣讲等。
任职要求：
1、至少3年以上Python编程经验
2、精通Python全栈开发，精通Django Web框架
3、深刻理解计算机原理，有良好的数据结构和算法基础
4、熟悉面向对象程序设计方法
5、熟练数据库表设计、SQL语法，熟练MySQL数据库
6、熟练web前端技能, 包括html/css/javascript/jquery/boostrap
7、熟练Linux环境开发，熟练使用SHELL命令和脚本语言
8、熟练基于Linux应用程序的管理和配置，如Docker、Redis、GitLab、Ansible、Nginx、Zabbix、Jenkins等
9、有Python网络爬虫相关开发经验优先
10、具备大型网站或高并发系统开发、设计工作经验者优先职能类别：
高级软件工程师",科技园铜鼓路39号大冲国际中心5号楼13层,https://jobs.51job.com/shenzhen-nsq/91677826.html?s=01&t=0
深圳市芒柠科技有限公司,"
高级爬虫工程师","
深圳-南山区|3-4年经验|大专|招2人|08-18发布",1.5-2.5万/月,"岗位职责：
1、负责网络爬虫系统设计、开发。
2、完成带领团队完成数据采集爬取、解析提取、清洗入库等数据生产工作。
3、研究网页特点和规律，对网页信息进行分类、抽取、数据清洗、存储结构等研发和优化工作。
4、负责领域知识的定向爬取、深度提取和挖掘。
5、对数据进行清洗、整理、去重及合并等工作。
任职资格：
1、大专以上学历，3年以上Python/Java或C#开发经验，熟悉一种开源爬虫系统实现或作为主力参与过一个完整的爬虫开发项目。
2、熟悉网页爬取原理及技术，熟悉深度抓取、动态网页抓取技术、熟悉请求伪装，模拟登陆，代理应用，爬虫和反爬技术。
3、精通正则表达式、Javascript、JSON、HTTP协议、HTML，善于从各种结构化和非结构化数据中抽取有用的信息。
4、熟悉http client、netty、ajax、htmlunit、selenium、HtmlParser、Jsoup、XPATH等技术。
5、熟练多线程技术、网络编程技术等相关优势经验者优先。
6、熟悉hadoop、hbase、Zookeeper、spark、storm、Solr、hive、kafka、redis、mongodb等相关技术者优先；具有验证码破解经验者优先。职能类别：
高级软件工程师
关键字：
爬虫工程师
爬虫
开源爬虫系统",大冲商务中心B座13楼,https://jobs.51job.com/shenzhen-nsq/97777101.html?s=01&t=0
深圳市前海谷雨网络科技有限公司,"
爬虫开发工程师","
深圳-南山区|2年经验|大专|招3人|08-18发布",1-2.5万/月,"职位描述：
1、负责设计和开发分布式网络爬虫系统，进行多平台信息的抓取和分析工作；
2、负责将爬取数据抽取、清洗、消重等工作，沉淀大规模爬取数据库；
3、参与爬虫核心算法和策略优化，熟悉采集系统的调度策略；
4、实时监控爬虫的进度和警报反馈；
职位要求：
1、有2年以上Java/python开发经验，精通SpringMVC、Mybatis框架；
2、具有分布式爬虫系统框架设计能力，以及爬虫项目规划能力；
3、精通信息抓取和整合技术，从结构化的和非结构化的数据中获取信息；
4、熟悉Mysql，redis，mongdb三者至少之一，有过数据库调优和海量数据存储经验者优先；
5、掌握多种解析工具Jsoup、Xpath、Beautifulsoup、htmlparser、正则等经验者优先 ；
6、有简单的验证码识别技术和分布式爬虫的开发以及维护工作经验者优先；职能类别：
软件工程师
关键字：
爬虫工程师
爬虫
python
java",学府路怡化金融科技大厦17楼,https://jobs.51job.com/shenzhen-nsq/97841516.html?s=01&t=0
深圳市源极光科技有限公司,"
Python开发工程师","
深圳-南山区|2年经验|本科|招2人|08-18发布",1-1.5万/月,"岗位职责
1、项目框架搭建、后台功能实现，系统稳定维护；
2、对算法与模型进行二次开发
3、优化产品性能，提高系统鲁棒性，优化产品体验
任职要求：
1、本科及以上学历，计算机相关专业，1年以上Python编程经验，使用Python开发过大型系统经验者优先；
2、具备面向对象设计及编程经验；
3、熟悉常用的存储技术，如MySQL、MongoDB等；
4、熟悉常用的数据处理模块，如numpy，pandas，sklearn等，了解机器学习等算法者优先；
5、具备优良的团队合作和沟通协作能力，善于学习，乐于，能承受较大的工作压力；
6、了解numpy等数据处理工具 多线程多进程理解 需要和数据专家,算法工程师做对接。职能类别：
软件工程师
关键字：
python
python爬虫
python工程师
软件工程师
python开发",深圳市南山区后海大道2388号怡化金融科技大厦18楼,https://jobs.51job.com/shenzhen-nsq/97544634.html?s=01&t=0
深圳电竞风暴科技有限公司,"
python爬虫开发工程师","
深圳-南山区|5-7年经验|本科|招若干人|07-31发布",1.5-3万/月,"岗位职责
    
1.
负责爬虫的开发和维护工作
    
2.
负责爬虫抓取数据的分析和整理
    
3.
对接爬虫数据的访问接口
    
4.
负责分布式爬虫系统开发
    
岗位要求
    
1.
有使用
scrapy
或者
pyspider
开发经验者优先
    
3.
使用爬虫工作或
python 5
年以上的开发经验
    
4.
熟悉
linux
开发环境
    
6.
熟悉
mysql
数据库
 
并至少掌握一种
nosql
数据库
职能类别：
互联网软件开发工程师
关键字：
python爬虫
python
爬虫",蚂蚁邦加速中心,https://jobs.51job.com/shenzhen-nsq/101402536.html?s=01&t=0
飞扬集团,"
软件工程师--新材料促进中心","
深圳|3-4年经验|本科|招1人|08-16发布",0.8-2万/月,"【岗位职责】
1
.
参与核心爬虫系统架构设计、数据库设计；
2
.
负责网络爬虫的核心技术研究和开发，参与各种核心搜索策略、算法、数据聚类、重组的设计与开发；
3
.
设计策略和算法，提升网页抓取的效率和质量；
4
.
分析爬虫系统的技术缺陷，对策略架构做出合理地调整和改进。
【任职资格】
1. 3年以上Java、python或C/C++开发经验，熟悉常用的信息抓取策略和数据重组算法；
2.精通信息抓取和整合技术，从结构化的和非结构化的数据中获取信息，掌握正则表达式；
3.熟悉大规模网页爬取，深度网页爬取，熟悉Nutch、Scrapy、Lucene、Heritrix、Solr、Sphinx等工具优先考虑；
4.了解Mongodb、HBase、HIVE等NoSQL数据库，并至少精通一种关系型数据库的开发；
5.熟悉网络爬虫相关技术，如有分词、spider、分类、聚类、索引、检索等相关开发经验者优先。
【深圳市宝安区新材料产业技术创新联盟简介】
深圳市宝安区新材料产业技术创新联盟成立于2015年9月，由飞扬集团、长先科技、宝利树脂、瑞凌实业、盛誉实业、创新智慧港等15家单位共同发起成立，随着联盟的发展壮大，联盟引入了加法基金作为联盟后盾，并且将涂料、塑料、3D打印、碳纳米管等高新技术产品引入到联盟。
新材料联盟以促进开展新材料产业研发生产应用活动为己任，探索在国家政策与资金引导下建立以企业为主体、产学研结合、市场化和促进成果转化的有效机制，打造产、学、研、用多赢的科技创新平台。 
新材料联盟是一个按照“自愿、平等、合作”的原则成立的集专业性、学术性和联合性于一体的服务型非营利性联合体；以共同的发展需求为基础、以新材料产业技术协同创新、企业管理能力创新、企业发展战略能力优化与提升创新为目标、以具有法律约束力的契约为保障，联合研发、优势互补、利益共享、风险共担。
职能类别：
软件工程师
关键字：
软件工程师",宝安区新安街道隆昌路8号飞扬科技园B栋8楼飞扬集团,https://jobs.51job.com/shenzhen/99891566.html?s=01&t=0
比亚迪股份有限公司,"
Hadoop工程师","
深圳|3-4年经验|本科|招1人|08-17发布",1-2万/月,"岗位职责：
1.负责公司hadoop平台管理维护;
2.协同业务部门进行hadoop相关项目实施;
3.规范管理数据接入，管理数据使用;
4.ETL流程规范，创建数据管理流程、标准;
5.IT内部大数据探索;
6.其他平台系统的运维管理（云平台等）。 
任职要求：
1、计算机、电子、数学或者统计学相关本科以上学历，3年以上工作经历；
2、熟悉HADOOP整体架构体系，业务解决方案，架构规划，技术方案，以及后期的平台维护，问题原因查找与解决；
3、有hadoop集群部署、管理、优化经验，至少熟悉使用Cloudera\MAPR\Hortonworks\星环其中一种；
4、了解爬虫相关技术堆栈；
5、具备MapReduce、HDFS、Hbase、Hive、Pig、Sqoop、Oozie、Flume、Zookeeper、spark等大规模集群的开发、运维经验者优先；
6、掌握Python/Shell/Java中至1种开发语言；了解ETL使用及运维；
7、能维护Hadoop源码，有Hadoop 源代码BUG修复或者源代码优化经验者优先；
8、了解oracle、myaql、redis等数据库技术，具有一定的数据库运维管理经验；
9、Java开发转大数据的优先考虑；有spring boot、dubbo 相关开发经验优先考虑；
10、在AI、ML、DL上有所了解，熟悉大数据高级分析工具及语言。 
职能类别：
技术支持/维护工程师",坪山新区比亚迪路,https://jobs.51job.com/shenzhen/98410118.html?s=01&t=0
深圳市祺浩达科技有限公司,"
Python实习生","
深圳-福田区|无工作经验|大专|招2人|08-18发布",2-3千/月,"1.能独立完成系统代码的实现，编写代码注释和开发文档；
2.能辅助进行系统的功能定义以及程序设计；
3.根据设计文档或需求说明完成代码编写，调试，测试和维护；
4.分析并解决网站、软件开发过程中的问题；
5.配合团队完成相关任务目标。
任职要求
1.计算机软件或理工类相关专业，大专及以上学历。
2使用过django框架开发项目为佳。
3.有一定的web前端技能，了解或熟悉HTML、CSS、Javascript
4.对新技术有强烈的兴趣，学习能力强，并有较好的团队协作能力。
5.工作细心、认真、责任心强，具有良好的团队协作精神；
6.良好的敬业精神、恪守职业道德、为人诚实可靠、品行端正。
职能类别：
软件工程师
实习生
关键字：
Python
实习生
开发
爬虫
应届生",深圳市福田区深圳市福田区深南中路3019号,https://jobs.51job.com/shenzhen-ftq/104845537.html?s=01&t=0
深圳市荣创投资管理有限公司,"
高薪：急聘Go语言区块链开发工程师","
深圳-南山区|5-7年经验|大专|招3人|07-04发布",2.5-3万/月,"工作职责：
 1,负责网络爬虫的开发,进行多平台信息的抓取和分析,
 2,能独立完成网络爬虫架构设计、功能开发及更新优化,
 3,实现数据提取、清洗、结构化、入库、统计分析等需求；
 4,建立爬虫监测体系，及时分析及解决爬虫在运行过程中出现的缺陷；
 5,设计爬虫策略和防屏蔽规则，提升网页抓取的效率和质量；
 6,能独立解决实际开发过程碰到的各类问题。
 
岗位要求
 全日制本科及以上，3年以上python/golang开发经验，2年以上数据抓取工作经验；
 精通使用爬虫相关技术，如：python,scrapy,selenium,xpath,正则表达式;
 熟悉Mysql，mongdb
 熟悉常用数据存储，各种数据处理技术优先；
熟悉Linux常用命令，独立完成日常部署更新等；
 有从事金融业务开发的优先
具备较强的团队协作精神，工作责任心强，良好的沟通、理解、执行能力
薪资：只要你敢开，我们就敢给
地址坐标：南山区沙河西路2009号（尚美科技大厦1403A-1）
福利待遇
1、 薪资待遇：提供具有竞争力的薪资待遇，薪酬水平高于行业平均水平，上不封顶；年底13-16薪
2、 社会保险/公积金：员工正式入职后即购买社保五险，转正后为员工购买公积金；
3、 带薪休假：除了享受国家法定节假日以外，工作一年以上的员工均额外享有超长7天带薪年假；
4、 餐补车补：加班员工每日餐补20元；超过22.30后下班打车报销车费；
5、 节假日福利：公司除了有传统节假日福利外，还有员工生日福利、聚餐等不定期的BOSS任性福利。
6、 工作环境：本公司拥有年轻的管理层、良好的工作氛围、宽松的工作环境，和谐的同事关系并且提供微波炉和冰箱，各种国内外零食、水果等；
7、 文娱活动：每年外出旅游，不定期组织各种文娱活动，如聚餐、K歌、户外运动、拓展训练等；
职能类别：
高级软件工程师",沙河西路2009号（尚美科技大厦-1203-1）,https://jobs.51job.com/shenzhen-nsq/101734538.html?s=01&t=0
深圳前海维度信息技术有限公司,"
Java开发工程师","
深圳-南山区|3-4年经验|大专|招若干人|07-16发布",1-1.5万/月,"1、3年以上开发经验，1年以上互联网开发经验；
2、技术基础扎实，熟悉Linux操作系统，熟悉Java语言特性，在后台技术上有长期积累，熟悉python或go语言者优先；
3、熟练掌握SpringMVC Spring Mybatis等主流框架，熟悉MySQL数据库，有运用过hadoop，spark，ElasticearSch，爬虫等相关技术经验者优先.
4、熟悉大流量、高并发、高性能的分布式系统的设计及应用，熟悉性能调优
5、学习能力强，有较强的抗压能力，熟练的沟通技巧，执行力强，具有优秀的团队合作精神优先，有团队管理经验优先；
6、渴望挑战自我，愿意做一些探索 开创性的工作。
职能类别：
软件工程师
关键字：
大流量",软件园二期10栋,https://jobs.51job.com/shenzhen-nsq/103297203.html?s=01&t=0
北京比特大陆科技有限公司,"
大数据工程师-深圳-00749","
深圳-南山区|2年经验|本科|招2人|07-24发布",20-30万/年,"1. 处理、分析用户交互数据 2. 运营活动数据统计生成汇总报告 3. 负责公司爬虫平台的建设
任职条件：
1. 本科及以上学历，计算机、统计学、数学专业优先  2. 精通Python、Java之一，熟悉网络爬虫相关技术  3. 熟悉分布式大数据处理相关技术，有Hadoop、storm、spark开发经验  4. 熟悉SQL，了解Redis、MongoDB等NoSQL技术  5. 有分布式爬虫经验者优先  6. 有亿级数据处理经验者优先
职能类别：
高级软件工程师",沙河西路2009号尚美科技大厦9楼,https://jobs.51job.com/shenzhen-nsq/100422856.html?s=01&t=0
中国太平保险集团稽核中心,"
数据管理岗（非现场监测部）","
深圳-福田区|5-7年经验|本科|招1人|08-14发布",15-20万/年,"岗位职责：
1.ETL功能模块的设计,开发迭代,日常任务调度维护;
2.对业务数据进行清洗、整理、分析与挖掘以及数据字典等相关文档的维护;
3.数据仓库和业务数据集市建设;
4.支持BI分析、数据产品开发、算法开发等各种数据应用需求;
5.解决数据仓库实施过程中系统性能、SQL优化等问题; 
6.负责第三方数据合作开发与管理;
<？xml:namespace prefix = o ns = ""urn:schemas-microsoft-com:office:office"" />
任职资格：
1.计算机、数学或者相关专业本科以上学历; 
2.有3年以上大型数据库管理或数据仓库建设经验; 
3.至少熟练一种以上大型数据库，如oracle，DB2等；
4.熟悉ETL开发(如kettle、datastage、informatica、Automation等)者优先；
5.良好的分析能力和口头表达能力,能够快速有效地与需求方沟通并确定需求内容；
6.较强的文档编写能力；能独立思考并解决问题；有良好的团队合作精神；
7.有海量数据分析或者OLAP项目开发经验者优先；
8.熟悉Hadoop、MongoDB及BI技术体系和架构者优先；
9.熟悉PYTHON API数据接口及爬虫开发。
职能类别：
软件工程师
数据库工程师/管理员",益田路6001号太平金融大厦17楼,https://jobs.51job.com/shenzhen-ftq/100016535.html?s=01&t=0
中国太平保险集团稽核中心,"
非现场监测部-数据库管理岗","
深圳-福田区|3-4年经验|本科|招若干人|08-14发布|计算机科学与技术 数学与应用数学",0.8-1.5万/月,"岗位职责：

1.ETL
功能模块的设计
,
开发迭代
,
日常任务调度维护
;

2.
对业务数据进行清洗、整理、分析与挖掘以及数据字典等相关文档的维护
;

3.
数据仓库和业务数据集市建设
;

4.
支持
BI
分析、数据产品开发、算法开发等各种数据应用需求
;

5.
解决数据仓库实施过程中系统性能、
SQL
优化等问题
;
 

6.
负责第三方数据合作开发与管理
;


任职资格：

1.
计算机、数学或者相关专业本科以上学历
; 

2.
有
3
年以上大型数据库管理或数据仓库建设经验
; 

3.
至少熟练一种以上大型数据库，如
oracle
，
DB2
等；

4.
熟悉
ETL
开发
(
如
kettle
、
datastage
、
informatica
、
Automation
等
)
者优先；

5.
良好的分析能力和口头表达能力
,
能够快速有效地与需求方沟通并确定需求内容；

6.
较强的文档编写能力；能独立思考并解决问题；有良好的团队合作精神；

7.
有海量数据分析或者
OLAP
项目开发经验者优先；

8.
熟悉
Hadoop
、
MongoDB
及
BI
技术体系和架构者优先；

9.
熟悉
PYTHON API
数据接口及爬虫开发。
职能类别：
数据库工程师/管理员",益田路6001号太平金融大厦17楼,https://jobs.51job.com/shenzhen-ftq/103942664.html?s=01&t=0
深圳市多度科技有限公司,"
Pathon开发工程师（邻道传媒）","
深圳-南山区|3-4年经验|大专|招若干人|08-16发布",1.5-1.8万/月,"岗位职责：
1、具有DMP、SSP、SAAS、舆情平台、爬虫类平台产品开发经验；
2、具有多个平台全程独立开发经验；
3、具有工具类APP产品开发经验；
4、对图片精准识别、区块链技术应有一定的了解或解决方案；
5、熟练掌握python语言；
6、负责广告舆情平台项目开发；
7、负责DSP/SSP平台功能模块和接口开发。
任职资格：
1、大专以上学历；
2、数据算法、软件编程、信息学专业；
3、25岁以上；
4、3年以上平台开发经验，熟练掌握python语言，最后工作的两个公司其中一个公司司令须2年以上；
5、有舆情监测、DMP平台开发经验优先
备注：对图片精准识别、爬虫技术、区块链技术应有一定的了解或解决方案
职能类别：
软件工程师
高级软件工程师
关键字：
软件开发
舆情平台开发",南山区桃源街道留仙大道云谷二期八栋,https://jobs.51job.com/shenzhen-nsq/98886550.html?s=01&t=0
爱客科技（深圳）有限公司,"
Node.js 高全栈工程师","
深圳-南山区|3-4年经验|本科|招4人|08-17发布|普通话良好|软件工程 计算机应用",1.8-3.5万/月,"if (your.passions.include('coding')) {
 switch(your.role) {
   case 'coder':
   case 'geek':
   case 'nerd':
   case 'gatekeeper_of_gatekeepers':
   case 'red_or_blue_pill':
     console.log('来加入我们 AfterShip =]');
   break;
   default:
 }  
}
 
AfterShip.stacks = ['React.js', 'k8s', 'ipa', 'Service Worker', 'Node.js', 'AWS', 'GCP', 'Serverless', 'NoSQL'];
职位诱惑
入职提供最新型号之 Apple 15” MacBook Pro, Touch Bar 那款~~
任意挑选使用各种付费工具，如 JetBrains IDE, Newrelic, Pingdom, 你想得出，只要可以帮助工作做好，公司绝对愿意支持!
办公室可自由访问全球优秀网站，英文资源!
发展前景好，成长空间大，团队国际化，我们的团体来自超过十个不同国家！
免费加班餐
岗位职责 
负责编写产品 Web 服务端，实现产品功能。
负责 Web 服务端之 SLA , 代码维护、秩代更新等工作。
负责编制单元测试，提高系统覆盖率，敢于对产品质量负责。
负责制定技术标准及研究新技术，有效地提高工作效率。
负责系统关键模块的技术攻关，协助解决项目中的难题。
负责根据部门战略目标，制定团队的工作目标，进行团队的质量管理和能力建设。
职位要求
统招本科及以上学历，计算机相关专业（985/211院校优先）；
三年或以上 Nodejs 开发工作经验，优秀的 Javascript 基本功。
熟悉 Git / Github，通信协议 TCP/HTTP 及 RESTful 标准。
熟悉主流测试方法、工具，并不断结合前沿技术提升整体测试效率和研发质量。
熟悉敏捷开发工具及开发流程。
有 MySQL、 Redis 或 MongoDB 等相关数据库使用经验。
有 ReactJS、Vue.js、Express、Koa、ES6 等使用经验。
有 Docker、Kubernetes、AWS 或 GCP 云计算经验者优先。
有 CI / CD 自动化测试经验优先。
职能类别：
互联网软件开发工程师
高级软件工程师
关键字：
node
nodejs
reactjs
高
后台
工程师
爬虫
javascript
python",深圳软件产业基地4A栋10楼,https://jobs.51job.com/shenzhen-nsq/98340181.html?s=01&t=0
爱客科技（深圳）有限公司,"
Node.js 高级后台工程师","
深圳-南山区|3-4年经验|本科|招4人|08-17发布|普通话良好|软件工程 计算机应用",1.8-3.5万/月,"if (your.passions.include('coding')) {
 switch(your.role) {
   case 'coder':
   case 'geek':
   case 'nerd':
   case 'gatekeeper_of_gatekeepers':
   case 'red_or_blue_pill':
     console.log('来加入我们 AfterShip =]');
   break;
   default:
 }  
}
 
AfterShip.stacks = ['React.js', 'k8s', 'ipa', 'Service Worker', 'Node.js', 'AWS', 'GCP', 'Serverless', 'NoSQL'];
职位诱惑
入职提供最新型号之 Apple 15” MacBook Pro, Touch Bar 那款~~
任意挑选使用各种付费工具，如 JetBrains IDE, Newrelic, Pingdom, 你想得出，只要可以帮助工作做好，公司绝对愿意支持!
办公室可自由访问全球优秀网站，英文资源!
发展前景好，成长空间大，团队国际化，我们的团体来自超过十个不同国家！
免费加班餐
岗位职责 
负责编写产品服务端 API，实现产品功能。
负责服务端 API 之 SLA , 代码维护、秩代更新等工作。
负责制定技术标准，编写相关的技术及 API 文档。
负责编制单元测试，提高系统覆盖率，敢于对产品质量负责。
负责制定技术标准及研究新技术，有效地提高工作效率。
负责系统关键模块的技术攻关，协助解决项目中的难题。
负责根据部门战略目标，制定团队的工作目标，进行团队的质量管理和能力建设。
职位要求
统招本科及以上学历，计算机相关专业（985/211院校优先）；
三年或以上 Nodejs 开发工作经验，优秀的 Javascript 基本功。
熟悉 Git / Github，通信协议 TCP/HTTP 及 RESTful 标准。
熟悉主流测试方法、工具，并不断结合前沿技术提升整体测试效率和研发质量。
熟悉敏捷开发工具及开发流程。
有 MySQL、 Redis 或 MongoDB 等相关数据库使用经验。
有 Express、Koa、ES6 等使用经验。
有 Docker、Kubernetes、AWS 或 GCP 云计算经验者优先。
有 CI / CD 自动化测试经验优先。
职能类别：
互联网软件开发工程师
高级软件工程师
关键字：
node
nodejs
reactjs
高
后台
工程师
爬虫
javascript
python",深圳软件产业基地4A栋10楼,https://jobs.51job.com/shenzhen-nsq/98340210.html?s=01&t=0
爱客科技（深圳）有限公司,"
Node.js 后台工程师","
深圳-南山区|1年经验|本科|招4人|08-17发布|普通话良好|计算机应用 软件工程",1-2万/月,"if (your.passions.include('coding')) {
 switch(your.role) {
   case 'coder':
   case 'geek':
   case 'nerd':
   case 'gatekeeper_of_gatekeepers':
   case 'red_or_blue_pill':
     console.log('来加入我们 AfterShip =]');
   break;
   default:
 }  
}
 
AfterShip.stacks = ['React.js', 'k8s', 'ipa', 'Service Worker', 'Node.js', 'AWS', 'GCP', 'Serverless', 'NoSQL'];
职位诱惑
入职提供最新型号之 Apple 15” MacBook Pro, Touch Bar 那款~~
任意挑选使用各种付费工具，如 JetBrains IDE, Newrelic, Pingdom, 你想得出，只要可以帮助工作做好，公司绝对愿意支持!
办公室可自由访问全球优秀网站，英文资源!
发展前景好，成长空间大，团队国际化，我们的团体来自超过十个不同国家！
免费加班餐
岗位职责
负责后台与不同物流公司的系统对接，使用各种 API及网络爬虫技巧，抓取、分析、调度、存储，为公司业务提供正确稳定的数据；
负责快递查询系统之 SLA , 代码维护、秩代更新，保证任务质量和交付及时性；
编写相关的技术文档；
编制单元测试、集成测试，提高测试覆盖率，敢于对产品质量负责；
参与制定技术标准及研究新技术，有效地提高工作效率；
参与系统关键模块的技术攻关，协助解决项目中的难题。
职位要求
统招本科或以上学历，计算机相关专业（985/211院校优先）；
一或年以上 Nodejs 开发工作经验，优秀的 Javascript 基本功；
熟悉 Git / Github，通信协议 TCP/HTTP 及 RESTful 标准；
熟悉主流测试方法、工具，并不断结合前沿技术提升整体测试效率和研发质量；
熟悉敏捷开发工具及开发流程；
有 MySQL、 Redis 或 MongoDB 等相关数据库使用经验。有 Express、Koa、ES6 等使用经验；
英语CET4以上或同等水平，能够无障碍阅读英语技术文档；
有 Docker、Kubernetes、AWS、阿里云 或 GCP 云计算经验者优先；
有 CI / CD 自动化持续集成和持续交付经验者优先。
职能类别：
互联网软件开发工程师
软件工程师
关键字：
node
nodejs
reactjs
后台
工程师
爬虫
javascript
python",深圳软件产业基地4A栋10楼,https://jobs.51job.com/shenzhen-nsq/98340215.html?s=01&t=0
爱客科技（深圳）有限公司,"
Node.js 全栈工程师","
深圳-南山区|1年经验|本科|招4人|08-17发布|普通话良好|计算机应用 软件工程",1-2万/月,"if (your.passions.include('coding')) {
 switch(your.role) {
   case 'coder':
   case 'geek':
   case 'nerd':
   case 'gatekeeper_of_gatekeepers':
   case 'red_or_blue_pill':
     console.log('来加入我们 AfterShip =]');
   break;
   default:
 }  
}
 
AfterShip.stacks = ['React.js', 'k8s', 'ipa', 'Service Worker', 'Node.js', 'AWS', 'GCP', 'Serverless', 'NoSQL'];
职位诱惑
入职提供最新型号之 Apple 15” MacBook Pro, Touch Bar 那款~~
任意挑选使用各种付费工具，如 JetBrains IDE, Newrelic, Pingdom, 你想得出，只要可以帮助工作做好，公司绝对愿意支持!
办公室可自由访问全球优秀网站，英文资源!
发展前景好，成长空间大，团队国际化，我们的团体来自超过十个不同国家！
免费加班餐
岗位职责
负责编写产品 Web 服务端，实现产品功能。
负责 Web 服务端之 SLA , 代码维护、秩代更新等工作。
负责编制单元测试，提高系统覆盖率，敢于对产品质量负责。
参与制定技术标准及研究新技术，有效地提高工作效率。
参与系统关键模块的技术攻关，协助解决项目中的难题。
参与根据部门战略目标，制定团队的工作目标，进行团队的质量管理和能力建设。
职位要求
统招本科及以上学历，计算机相关专业（985/211院校优先）；
一年或以上 Nodejs 开发工作经验，优秀的 Javascript 基本功。
熟悉 Git / Github，通信协议 TCP/HTTP 及 RESTful 标准。
熟悉主流测试方法、工具，并不断结合前沿技术提升整体测试效率和研发质量。
熟悉敏捷开发工具及开发流程。
有 MySQL、 Redis 或 MongoDB 等相关数据库使用经验。
有 ReactJS、Vue.js、Express、Koa、ES6 等使用经验。
有 Docker、Kubernetes、AWS 或 GCP 云计算经验者优先。
有 CI / CD 自动化测试经验优先。
职能类别：
互联网软件开发工程师
软件工程师
关键字：
node
nodejs
reactjs
后台
工程师
爬虫
javascript
python",深圳软件产业基地4A栋10楼,https://jobs.51job.com/shenzhen-nsq/98340219.html?s=01&t=0
深圳市光速度科技有限公司,"
php开发工程师（坂田）","
深圳-龙岗区|1年经验|大专|招2人|08-18发布",0.5-1万/月,"岗位职责：
1、负责搭建电商平台系统，并完成数据建立模型；
2、负责企业信息运营及ERP实施；
3、负责企业信息系统及数据库的设计与开发；
4、设计爬虫策略和防屏蔽规则，解决封账号、封IP、验证码等难点攻克。
5、搭建高性能的技术架构，不断提升网页抓取的效率和质量。
6、公司分配的的其它任务。
任职要求：
1、精通php，熟悉python,能独立搭建网站，至少一年以上相关工作经验。
2、熟悉至少一种框架Thinkphp、Django、flask、Scrapy。
3、爬虫相关工作经验,负责内容爬取后，开发抽取规则，对精选内容进行批量抽取,进行数据去重。
4、熟悉常用网络协议，熟悉http代理、模拟登录，动态数据获取等，有扎实的数据结构基础和编码能力。
5、熟悉MySQL、Mongodb等主流数据库。
职能类别：
软件工程师
关键字：
php
python
Thinkphp
ERP实施
爬虫",深圳市龙岗区坂田坂雪岗大道宏奕产业园区内坂雪创业园三楼（世纪华茂百货旁）,https://jobs.51job.com/shenzhen-lgq/103392884.html?s=01&t=0
深圳齐牛互联网金融服务有限公司,"
Java开发工程师","
深圳-南山区|无工作经验|招2人|08-18发布",1.5-2万/月,"岗位职责：
1、结合公司的金融科技相关业务，参与公司大数据项目的相关研究和开发工作。
2、设计相关数据和技术方案，运用合适技术，解决项目遇到的问题。
3、参与项目模块设计和业务逻辑开发等工作。
岗位要求：
1、计算机类相关专业本科及以上学历，3年以上互联网开发经验；
2、专业基础扎实，对数据结构及常用算法、计算机网络基础及应用层协议、操作系统原理及应用等内容有较深入认识；
3、满足以下至少一项要求：
    熟悉Java语言体系相关技术，Spring、MyBatis等开源框架应用经验丰富；
    熟悉Python语言，能熟练使用标准库及其他重要的第三方库；
    对前端（包括但不限于Android、iOS、Web、Windows应用程序）开发体系有较深入理解，熟悉相关平台的研发辅助工具；
4、熟悉Linux使用，掌握常用的RDBMS及NoSQL数据库，有爬虫库或相关框架使用经验者更佳；
5、有金融科技开发经验、有较强研究能力者优先；
6、良好的团队协作精神和执行力，较强的分析问题和解决问题能力。
职能类别：
软件工程师
互联网软件开发工程师",铜鼓路华润置地大厦E座38D单元,https://jobs.51job.com/shenzhen-nsq/105774874.html?s=01&t=0
深圳齐牛互联网金融服务有限公司,"
Java开发工程师","
深圳-南山区|无工作经验|招1人|08-18发布",1.5-2万/月,"岗位职责：
1、结合公司的金融科技相关业务，参与公司大数据项目的相关研究和开发工作。
2、设计相关数据和技术方案，运用合适技术，解决项目遇到的问题。
3、参与项目模块设计和业务逻辑开发等工作。
岗位要求：
1、计算机类相关专业本科及以上学历，3年以上互联网开发经验；
2、专业基础扎实，对数据结构及常用算法、计算机网络基础及应用层协议、操作系统原理及应用等内容有较深入认识；
3、满足以下至少一项要求：
    熟悉Java语言体系相关技术，Spring、MyBatis等开源框架应用经验丰富；
    熟悉Python语言，能熟练使用标准库及其他重要的第三方库；
    对前端（包括但不限于Android、iOS、Web、Windows应用程序）开发体系有较深入理解，熟悉相关平台的研发辅助工具；
4、熟悉Linux使用，掌握常用的RDBMS及NoSQL数据库，有爬虫库或相关框架使用经验者更佳；
5、有金融科技开发经验、有较强研究能力者优先；
6、良好的团队协作精神和执行力，较强的分析问题和解决问题能力。
职能类别：
互联网软件开发工程师
高级软件工程师",铜鼓路华润置地大厦E座38D单元,https://jobs.51job.com/shenzhen-nsq/105775629.html?s=01&t=0
深圳市蓝鹰立德软件咨询有限公司,"
爬虫开发工程师","
深圳-宝安区|3-4年经验|大专|招3人|06-20发布",1-1.5万/月,"岗位职责：
1.负责设计和开发分布式网络爬虫系统，进行多平台信息的抓取和分析工作； 
2.负责网页信息和数据抽取、清洗、消重等工作，提升平台的抓取效率；
3.参与爬虫核心算法和策略优化，熟悉采集系统的调度策略；
4.实时监控爬虫的进度和警报反馈。
任职要求：
1、专科以上学历，Java基础扎实，具备爬虫开发经验； 
2、熟悉Java网络爬虫框架（jsoup、Selenium、HttpClient、HtmlUnit等至少一种）,熟练selenium优先； 
3、熟练掌握HTML、CSS、Javascript等页面技术； 
4、熟悉MySQL，MongoDB等数据库至少其中一种，熟悉SQL语言；  
5、掌握linux基本操作，有python相关经验者优先，熟悉restful api规则； 
6、具有较强的分析和解决问题能力，有责任心，积极主动。
7、有航空旅游行业相关经验优先
职能类别：
软件工程师
关键字：
爬虫
python开发
Java",西部硅谷,https://jobs.51job.com/shenzhen-baq/103352675.html?s=01&t=0
深圳融天云科软件技术有限公司,"
python后台开发","
深圳-南山区|3-4年经验|大专|招1人|08-04发布",1-1.5万/月,"1、python编程基础扎实，熟练使用python2和python3
2、熟练使用request、urllib、Selenium、Phantomjs等常用库。
3、三年以上python开发经验，两年以上爬虫开发经验。
4、能够熟练使用boostrap、jQuery等前端框架，有Vue.js基础优先。
5、有爬取企业类信息和机器学习基础经历优先。
职能类别：
软件工程师
关键字：
python",沙河西路1819号深圳湾科技生态园,https://jobs.51job.com/shenzhen-nsq/105124064.html?s=01&t=0
深圳融天云科软件技术有限公司,"
后台开发（python）","
深圳-南山区|3-4年经验|本科|招2人|08-06发布",1.2-1.7万/月,"1、python编程基础扎实，熟练使用python2和python3
2、熟练使用request、urllib、Selenium、Phantomjs等常用库。
3、三年以上python开发经验，两年以上爬虫开发经验。
4、能够熟练使用boostrap、jQuery等前端框架，有Vue.js基础优先。
5、有爬取企业类信息和机器学习基础经历优先。
职能类别：
软件工程师
关键字：
python",深圳市南山科技园,https://jobs.51job.com/shenzhen-nsq/105139453.html?s=01&t=0
爱客科技（深圳）有限公司,"
网络爬虫 高后台工程师","
深圳-南山区|3-4年经验|本科|招4人|08-17发布|普通话良好|软件工程 计算机应用",1.8-3.5万/月,"if (your.passions.include('coding')) {
switch(your.role) {
  case 'coder':
  case 'geek':
  case 'nerd':
  case 'gatekeeper_of_gatekeepers':
  case 'red_or_blue_pill':
    console.log('来加入我们 AfterShip =]');
  break;
  default:
}  
}
 
AfterShip.stacks = ['Python', 'Scrapy', 'k8s', 'ipa', 'Service Worker', 'Node.js', 'AWS', 'GCP', 'Serverless', 'NoSQL'];
职位诱惑
入职提供最新型号之 Apple 15” MacBook Pro, Touch Bar 那款~~
任意挑选使用各种付费工具，如 JetBrains IDE, Newrelic, Pingdom, 你想得出，只要可以帮助工作做好，公司绝对愿意支持!
办公室可自由访问全球优秀网站，英文资源!
发展前景好，成长空间大，团队国际化，我们的团体来自超过十个不同国家！
免费加班餐
岗位职责 
负责后台与不同物流公司的系统对接，使用各种 API及网络爬虫技巧，抓取、分析、调度、存储，为公司业务提供正确稳定的数据。
负责快递查询系统之 SLA , 代码维护、秩代更新，保证任务质量和交付及时性。
负责编写相关的技术文档。
负责编制单元测试，提高系统覆盖率，敢于对产品质量负责。
负责制定技术标准及研究新技术，有效地提高工作效率。
负责系统关键模块的技术攻关，协助解决项目中的难题。
负责根据部门战略目标，制定团队的工作目标，进行团队的质量管理和能力建设。
职位要求
统招本科及以上学历，计算机相关专业（985/211院校优先）；
三年或以上 Nodejs / Python 开发工作经验，优秀的 Javascript 基本功。
熟悉 Git / Github，通信协议 TCP/HTTP 及 RESTful 标准。
熟悉主流测试方法、工具，并不断结合前沿技术提升整体测试效率和研发质量。
熟悉敏捷开发工具及开发流程。
有 MySQL、 Redis 或 MongoDB 等相关数据库使用经验。
有 Scrapy、Express、Koa、ES6 等使用经验。
有 Docker、Kubernetes、AWS 或 GCP 云计算经验者优先。
有 CI / CD 自动化持续集成和持续交付经验者优先。
职能类别：
互联网软件开发工程师
高级软件工程师
关键字：
node
nodejs
reactjs
高
后台
工程师
爬虫
javascript
python",深圳软件产业基地4A栋10楼,https://jobs.51job.com/shenzhen-nsq/98340221.html?s=01&t=0
爱客科技（深圳）有限公司,"
网络爬虫 后台工程师","
深圳-南山区|1年经验|本科|招4人|08-17发布|普通话良好|计算机应用 软件工程",1-2万/月,"if (your.passions.include('coding')) {
 switch(your.role) {
   case 'coder':
   case 'geek':
   case 'nerd':
   case 'gatekeeper_of_gatekeepers':
   case 'red_or_blue_pill':
     console.log('来加入我们 AfterShip =]');
   break;
   default:
 }  
}
 
AfterShip.stacks = ['Python', 'Scrapy', 'k8s', 'ipa', 'Service Worker', 'Node.js', 'AWS', 'GCP', 'Serverless', 'NoSQL'];
职位诱惑
入职提供最新型号之 Apple 15” MacBook Pro, Touch Bar 那款~~
任意挑选使用各种付费工具，如 JetBrains IDE, Newrelic, Pingdom, 你想得出，只要可以帮助工作做好，公司绝对愿意支持!
办公室可自由访问全球优秀网站，英文资源!
发展前景好，成长空间大，团队国际化，我们的团体来自超过十个不同国家！
免费加班餐
岗位职责
负责后台与不同物流公司的系统对接，使用各种 API及网络爬虫技巧，抓取、分析、调度、存储，为公司业务提供正确稳定的数据。
负责快递查询系统之 SLA , 代码维护、秩代更新，保证任务质量和交付及时性。
负责编写相关的技术文档。
负责编制单元测试，提高系统覆盖率，敢于对产品质量负责。
参与制定技术标准及研究新技术，有效地提高工作效率。
参与系统关键模块的技术攻关，协助解决项目中的难题。
职位要求
统招本科及以上学历，计算机相关专业（985/211院校优先）；
一或年以上 Nodejs / Python 开发工作经验，优秀的 Javascript 基本功。
熟悉 Git / Github，通信协议 TCP/HTTP 及 RESTful 标准。
熟悉主流测试方法、工具，并不断结合前沿技术提升整体测试效率和研发质量。
熟悉敏捷开发工具及开发流程。
有 MySQL、 Redis 或 MongoDB 等相关数据库使用经验。
有 Scrapy、Express、Koa、ES6 等使用经验。
有 Docker、Kubernetes、AWS 或 GCP 云计算经验者优先。
有 CI / CD 自动化测试经验优先。
职能类别：
互联网软件开发工程师
软件工程师
关键字：
node
nodejs
reactjs
后台
工程师
爬虫
javascript
python",深圳软件产业基地4A栋10楼,https://jobs.51job.com/shenzhen-nsq/98340222.html?s=01&t=0
武汉微思敦网络技术有限公司,"
python开发工程师（深圳）","
深圳-南山区|2年经验|本科|招1人|08-17发布",1-1.5万/月,"一、
岗位职责
1、负责线上系统的优化及维护；
2、完成项目的需求设计及开发；
3、负责开发过程中相关文档的编写；
4、保质保量完成上级安排的工作。
二、任职要求：
1、本科及以上学历，2年以上的互联网开发经验，主要精力集中在爬虫请勿投递；
2、精通Python Web开发，熟悉Django、Tornado框架，具有严谨的OOP和OOD思维，熟悉常用的算法和数据结构；
3、熟悉linux系统常用命令，工具的使用；
4、熟悉MySQL数据库的使用和开发；
5、具备良好的分析解决问题能力，能独立承担任务和有系统进度把控能力;有较好的沟通交流能力，能够迅速融入团队，自我驱动，心态成熟，学习能力强。
职能类别：
技术支持/维护工程师
Web前端开发",深圳市南山区高新南九道9号威新软件园2号楼502室,https://jobs.51job.com/shenzhen-nsq/81101908.html?s=01&t=0
重庆市瑞德铭科技发展有限公司成都分公司,"
hadoop大数据工程师（腾讯正式岗）","
深圳-南山区|1年经验|本科|招1人|08-16发布",0.8-1.6万/月,"【岗位职责】  
1、负责客服数据平台的开发与搭建，为部门提供数据支持和决策。
2、主要工作内容包括数据清洗，用户画像，用户轨迹建设，运营指标系统设计，及自助提取数据平台等。
【岗位要求】   
1、本科及以上学历，2年及以上开发经验，java基础扎实，熟悉Java语言,掌握反射、多线程等java高级特性的使用； 
2、熟练掌握HBase、HDFS、ZooKeeper,等Hadoop生态技术圈相关技术的基本使用； 
3、熟悉Kafka、netty,elasticsearch等组件优先考虑；
4、熟练使用Python做过数据处理，爬虫等优先考虑；
5、责任心强，具有良好的沟通能力，良好的自我驱动和自我管理意识，能主动思考；
6、具备良好的团队合作意识
职能类别：
其他
关键字：
hadoop、java",高新园飞亚达大厦,https://jobs.51job.com/shenzhen-nsq/99977076.html?s=01&t=0
深圳市动车电气股份有限公司,"
软件开发工程师（爬虫Python）","
深圳-龙岗区|3-4年经验|大专|招1人|08-06发布|软件工程 计算机科学与技术",1-1.8万/月,"岗位职责：
1、 负责设计、开发、部署、维护分布式网络爬虫系统，参与数据爬取平台相关工具平台的架构设计与产品开发等工作；为公司业务提供正确稳定的数据分析结果；
2、 参与数据层建设，专注于基础数据采集平台建设，研究指定网页特点和规律，负责网页信息采集，文档识别及提取、数据清洗加工整理（ETL），结果产出（可视化）等研发和优化工作；
3、设计爬取、调度和抽取算法，优化系统；
4、负责抓取数据的深刻提取和挖掘；
                5、针对不同网站的反爬虫技术提出有效的应对策略，提升网页抓取的效率和质量。
任职要求：
1、本科以上学历，计算机，软件工程相关专业
2、1-3年PHP、Spider爬虫、python,java等爬虫抓取开发经验，熟悉mongodb，Redis，mysql，SQL  Server等数据库技术
3、熟悉网页抓取原理及技术，熟悉基于Cookie的网站登录原理。精通正则表达式，从结构化的和非结构化的数据中获取信息；熟悉基于正则表达/Xpath/CSS等网页信息提取。 
4、熟悉html/js/css等前端技术优先；；  
                
5、具有良好的逻辑分析能力、学习能力、沟通能力和协作能力；具有积极的工作态度，勤奋上进，有责任心，独立解决问题的能力。
职能类别：
软件工程师
高级软件工程师
关键字：
软件开发",坂田地铁站B出口 动车国际大厦,https://jobs.51job.com/shenzhen-lgq/104496796.html?s=01&t=0
深圳市六合数字科技有限公司,"
大数据开发工程师","
深圳-南山区|3-4年经验|大专|招若干人|06-20发布|计算机科学与技术 软件工程",0.8-2万/月,"职责描述：
1、参与大数据项目开发；
2、参与大数据项目优化；
3、参与日常运维。
任职要求：
1、具备3年以上JAVA开发经验，有较好的java基础，熟悉Spring，ibatis等常用框架，了解其原理及机制
2、参与大数据项目开发经验，理解分布式计算，流式计算相关技术及应用，熟悉缓存、消息等机制；
3、参与过网络爬虫相关项目，熟悉常用框架并理解原理
4、了解hadoop,spark,nosql,mq等；
5、有R或者Python等程序设计语言开发经验者优先；
6、态度诚恳，具有较强的责任心，工作主动意识强，乐于。职能类别：
数据库工程师/管理员
高级软件工程师
关键字：
大数据项目
JAVA开发
网络爬虫",深圳市南山区大冲商务中心D座12楼,https://jobs.51job.com/shenzhen-nsq/97870364.html?s=01&t=0
深圳美丽经济科技有限公司,"
PHP开发工程师","
深圳-南山区|3-4年经验|大专|招2人|06-28发布",0.8-1.5万/月,"【岗位职责】 
 1. 负责公司app产品的开发与维护；
 2. 配合前端进行接口联调；
 3. 配合产品爬取一些内容文件；
【任职资格】
1、大专以上学历，3以上PHP开发经验；
2、熟练掌握PHP以及MYSQL开发，了解MVC模式，并熟练使用ThinkPHP或CI等框架；
3、熟练使用ajax及其常用框架，对W3C网页标准有较深理解，能够熟练运用DIV+CSS；
4、掌握linux基本操作，能够配置linux环境;
5、有良好的代码书写风格，能在规定时间内完成对应的工作；
6、熟练掌握http协议，了解TCP/IP协议，有过socket编程经验者优先；
7、富有创造力和激情，良好的团队精神；有解决问题、钻研新技术的兴趣和能力，善于交流和表达
8、有爬虫经验者和会python脚本语言者优先；
职能类别：
多媒体/游戏开发工程师
互联网软件开发工程师",比克大厦,https://jobs.51job.com/shenzhen-nsq/103467741.html?s=01&t=0
深圳市圣魂文化科技有限公司,"
自然语言处理工程师（NLP）","
深圳-南山区|2年经验|本科|招3人|07-07发布",1.5-2万/月,"1、负责数据挖掘项目、信息抽取项目的需求分析、设计及指导实现工作。包含：分词，词性标注、名实体识别、信息抽取、信息摘要技术等；
2、有较强的程序代码开发能力和架构能力，扎实的python基础；
3、熟悉机器学习/深度学习/人工智能/模式识别相关算法实现，算法优化和性能评估。
任职要求
1. 精通网络爬虫、互联网搜索、大数据新闻、网络多媒体、网络视频、即时通讯等技术，有着丰富的网络数据爬取工程项目经验；
2. 了解自然语言处理及语义分析、图像处理、优化算法等理论和技术，丰富的互联网大数据信息处理、搜索引擎、人工智能等行业经验；
3、对word2vec，CNN，LSTM, GRU等方法的原理有深入了解；
4、有基于生成式seq2seq、基于检索式对话系统研发经验者优先；
5、有深度学习相关经验，熟悉常用的深度学习框架（如TensorFlow、Caffe、Theano等）者优先。
职能类别：
算法工程师",深圳湾科技生态园一期一区二栋A座五楼,https://jobs.51job.com/shenzhen-nsq/104094579.html?s=01&t=0
伊拾壹企业管理咨询（深圳）有限公司,"
AI工程师（实习生）(职位编号：AM/AI/001)","
深圳-罗湖区|无工作经验|硕士|招2人|07-16发布|计算机科学 应用心理学",500元/天,"工作职责： 参与前沿区块链人工智能技术研发，构建全球创新的情感分析人工智能，建构数字化心理数据库。 
任职要求： 
1. 硕士以上学历，具备良好的数学理解能力，能熟练阅读英文论文。 
2. 熟练运用Java或C++、并具备Python语言开发能力，3年以上开发经验。 
3. 具有较强的学习能力、逻辑分析能力、问题排查能力、沟通能力及自我驱动动力。 
4. 具有NLP处理工具、网络爬虫，结构化数据提取，数据分析等使用/开发经验者优先。 
5. 掌握sklearn、TensorFlow、spark MLlib等机器学习工具。 
6. 有机器学习相关经验，熟悉经典机器学习算法，如LR、SVM、决策树、集成学习等，精通深度学习者优先； 
7. 有音频识别、机器翻译、自然语言处理等AI领域的相关经验的优先
职能类别：
算法工程师
科研人员
关键字：
AI
区块链
人工智能
创新",深圳_湖^深南|路5002地王大B55,https://jobs.51job.com/shenzhen-lhq/101684418.html?s=01&t=0
深圳前海维度信息技术有限公司,"
Java资深开发工程师","
深圳-南山区|5-7年经验|招若干人|07-16发布",1.5-2万/月,"工作内容：
1、负责后端业务系统和前端接口服务系统开发工作，保证开发任务按时按质完成；
2、对开发的代码质量负责，参与功能分析和模块设计, 协助产品团队工作，为产品提供技术支持
3、爬取区块链的各种行业数据，构建区块链项目的数据分析，处理和可视化平台，为项目分析提供支撑；
4、保证所负责系统稳定运行,解决系统存在的问题，持续优化和改进系统。
5、负责系统性能调优和安全防护，提升系统整体性能和安全。
岗位要求：
1、5年以上开发经验，2年以上互联网开发经验；
2、技术基础扎实，熟悉Linux操作系统，熟悉Java语言特性，在后台技术上有长期积累，熟悉python或go语言者优先；
3、熟练掌握SpringMVC Spring Mybatis等主流框架，熟悉MySQL数据库，至少具备其中一门相关技术应用（Hadoop，Spark，NoSQL, ElasticearSch，爬虫）
4、熟悉大流量、高并发、高性能的分布式系统的设计及应用，熟悉性能调优
5、学习能力强，有较强的抗压能力，熟练的沟通技巧，执行力强，具有优秀的团队合作精神优先，有团队管理经验优先；
6、渴望挑战自我，愿意做一些探索 开创性的工作。
职能类别：
高级软件工程师
关键字：
数据分析",软件园二期10栋,https://jobs.51job.com/shenzhen-nsq/103297456.html?s=01&t=0
小黄狗环保科技有限公司,"
数据分析师(职位编号：002)","
深圳-南山区|3-4年经验|本科|招4人|07-18发布|数学与应用数学 计算机科学与技术",0.8-1.5万/月,"岗位职责：
1.   负责收集及处理各个业务部门的数据分析需求； 
 2.   负责运营、产品、市场等各业务相关数据的分析，撰写和汇报分析报告； 
 3.   负责数据分析体系的构建，及相关工作内容、业务协作的优化；
 4.   协助数据化BI系统的设计开发，协助或负责数据采集、统计分析报表设计、功能逻辑梳理等；
 5.   协助数据挖掘建模，提供数据相关支持、结果数据分析等。        
岗位要求：
1、本科及其以上学历，统计学、计算机、金融、经济等相关专业，3年以上游戏、社交、电商等行业分析经验；
2、具备一定团队培养经验，对产品有一定想法和判断；
3、熟悉JAVA/Python、熟练掌握SQL、有HIVE使用经验者优先，统计基础知识扎实，熟练使用SPSS、R等数据挖掘工具，对回归、聚类、判别等算法有一定经验；
4、具备敏锐的洞察、分析能力，有严谨客观的分析态度和良好的沟通表达能力、具备时间管理能力
职能类别：
大数据开发/分析
市场分析/调研人员
关键字：
数据分析
数据库
爬虫
数据建模",天明科技大厦12-13楼,https://jobs.51job.com/shenzhen-nsq/103163063.html?s=01&t=0
富德保险控股股份有限公司,"
数据开发岗","
深圳-龙岗区|2年经验|本科|招3人|07-18发布",0.7-1.3万/月,"岗位职责：
1. 负责大数据平台抓取系统的架构设计、规划、开发工作；
2. 负责基于抓取系统的数据抓取、抽取、清洗工作；
3. 负责抓取、抽取、清洗的算法研究设计与开发工作；
4、负责现有系统常规需求的开发及维护工作；
岗位要求：
一、专业能力:
1、专业：计算机、数学相关专业，全日制院校本科及以上学历；
2、相关工作岗位两年以上JAVA或Python开发经验；
3、熟悉Web 前端技术，包括 Ajax、Javascript、Jquery、React 等；
4、熟悉Linux，熟悉Mysql，精通 Regular Express；
5、熟悉Htmlclient、Urllib、Netty 等通信框架至少一种；
6、熟悉webmagic、Scrapy、Nutch、Heritrix等爬虫框架至少一种；
7、具备分布式抓取系统开发经验优先；
二、个人素质：
1、具备扎实的专业知识，有良好的沟通能力和沟通意愿；
2、逻辑思维能力强，并具备良好的文档撰写及技术文档阅读能力；
3、具有较强的沟通协调、团队合作和抗压能力，责任心强，勤奋好学，喜欢研究新技术，具备独立解决问题的能力。
工作经验年限要求： 2年以上职能类别：
数据库工程师/管理员",龙岗区吉祥中路221号新亚洲花园裙楼生命人寿大楼后援中心,https://jobs.51job.com/shenzhen-lgq/97541409.html?s=01&t=0
深圳市邦德布拉泽科技有限公司,"
.NET开发工程师","
深圳-南山区|无工作经验|招4人|07-31发布",1.5-2万/月,"岗位职责
1.负责公司业务的开发和维护
2.依据项目进度和需求，能按时完成所需功能开发
任职要求
1. 一到三年.NET开发经验，参与系统的设计，能够根据架构师的设计思想独立完成设计文档编写；
2. 熟练使用网络抓包工具，如Fiddler、Wireshark等；
3. 熟悉html语言以及Js调用，熟练使用正则表达式，有从事网络爬虫、网页信息抽取的经验优先；
4. 熟悉.net mvc以及WepApi、WebService,Wcf等接口开发技术，有很强的分析问题和解决问题的能力；
5. 了解多线程、并发、TCP/IP协议、缓存等；
6. 掌握一定的数据库开发技术，如：MySQLServer等应用开发的经验；
7. 具备良好的系统设计规划能力，对于应用开发有较深刻的理解和设计理念；
8. 具备较强的学习、沟通交流、良好的文字表达能力、团队合作能力；
9. 具有清晰的逻辑思维，有钻研精神，具备良好的编程风格和素质，能够快速掌握新知识，有一定的抗压能力；
熟悉python开发者优先！职能类别：
软件工程师
高级软件工程师",琼宇路3号特发信息科技大厦8层,https://jobs.51job.com/shenzhen-nsq/95564407.html?s=01&t=0
深圳市深讯数据科技股份有限公司,"
大数据开发工程师","
深圳-南山区|3-4年经验|本科|招2人|08-02发布",1.5-2万/月,"1、对海量数据编写支持MapReduce计算框架程序进行处理；
2、兼顾短暂爬虫开发；
岗位要求：
1、熟悉Linux开发环境；
2、熟悉Hadoop中MapReduce及Hive等二次开发；
3、熟悉Python或Java开发语言；
4、熟悉爬虫框架和经验者优先；
5、二次创业阶段，需要有责任心有激情一起加入；
职能类别：
互联网软件开发工程师",南山科技园北区科丰路特发信息港D栋西座6楼,https://jobs.51job.com/shenzhen-nsq/71331536.html?s=01&t=0
厦门蒙友互联软件有限公司,"
ASP.NET开发工程师(职位编号：YF001)","
厦门|3-4年经验|本科|招2人|08-10发布",0.8-1.6万/月,"1、实现公司技术开发平台核心代码的架构和开发；
2、实现公司Web项目的设计、开发和实现；
3、和前端开发工程师配合，高质量完成后端开发架构工作。
职位要求：
1、主持开发过大型CRM、BI、PM、PDM的核心开发人员。
2、熟练Asp.net， mvc（C#），SqlServer，Mongo，redis开发，熟悉Div+CSS，query，bootstrap,easyUI等；
3、对当前流行技术与框架具有学习热情，了解.netCore，微服务，领域驱动优先
4、熟悉软件开发流程、设计模式、体系结构，良好的开发文档的编写习惯；
5、计算机、数学、通讯、自动化等相关专业，本科以上学历优先，具有实际开发经验，有线上作品更好；
6、有互联网经验，大数据，机器学习，爬虫，数据分析等方面经验的优先；
7、掌握其他如java，python语言者可优先录取；
8、注意非***；
9、开发过百万以上管理系统的年薪10万以上，300万以上大型管理软件大型项目开发经验的年薪可达15-20万，1000万以上大型系统的年薪可30-40万。以上需要“核心”主力开发人员，负责代码编写和代码质量，代码架构。
职能类别：
软件工程师
关键字：
.net
ASP.NET
软件开发
C#",集美区软件园三期诚毅大街358号1201单元,https://jobs.51job.com/xiamen/102967820.html?s=01&t=0
卫盈联信息技术（深圳）有限公司,"
数据安全工程师","
深圳-南山区|2年经验|本科|招1人|08-13发布",1.5-2.5万/月,"工作职责：
1、负责对数据库、服务器、网络设备日志的收集 ；
2、建立相应的威胁感知平台，实现可视化；
3、负责分析安全数据并进行监控策略的制定、优化；
4、负责挖掘深层次潜藏的安全事件；
5、参与安全事件的应急响应、调查分析、追踪。
任职资格：
1、统招本科及其以上学历，计算机、软件、信息科学相关专业；
2、2年及以上相关经验，有日志监控平台的设计和建设等经验；
3、熟悉大数据平台以及工具，比如Hadoop, Spark, Hive, Pig；
4、熟悉SQL、Python、SAS等分析工具，能基于hadoop等大数据平台进行相关数据分析；
5、具备数据收集和数据分析能力，熟练使用网络爬虫等数据采集技术，掌握ETL数据流程设计及工具使用；
6、拥有海量数据处理经验，熟悉Hadoop,R，MapReduce优先。
职位诱惑：
中国金融科技50强、最新融资15亿（阿里、瑞信、建银、IFC）；
团队牛，成员来自花旗、渣打、普华永道、BAT、谷歌、华为、平安等；
薪资高，市场领先的全面薪酬、最高17薪、期权激励 ；
假期长，20天福利假期（福利年假、全薪病假、生日假……）；
培训多，全员覆盖、定制化课程、外聘讲师、游学基金 ；
环境好，观海阳台、背靠人才公园、邻近海岸城、氛围积极开放；
福利全，五险一金、补充商业险、餐补、下午茶、团建费 ；
空间大，年两次调薪，发展通道多，管理岗公开竞聘 。
职能类别：
网络信息安全工程师
关键字：
数据安全
网络设备日志",科苑南路（深圳湾段）3331号阿里巴巴大厦 T2座10层,https://jobs.51job.com/shenzhen-nsq/100837092.html?s=01&t=0
高州市大秦纪元信息科技有限公司,"
Java开发工程师","
深圳-宝安区|2年经验|本科|招1人|08-14发布",1-1.5万/月,"1.有过独立前后端建站经验者优先
2.精通主流开源框架Spring、SpringMVC的使用；
3.熟练使用Tomcat、Jboss、Resin、WebLogic等Web应用服务器部署；
4.熟练掌握HTML、HTML5、XML、JavaScript、Ajax、JQuery等前端技术；
5.熟练使用Oracle、Mysql、SQLServer等主流数据库，具备SQL优化和组织能力；
6.熟练开发高性能和高并发模拟登录的爬虫(python,go语言等)抓取信息到数据库(sqlserver)
任职要求：
1本科以上学历，计算机等相关专业毕业
2.具有良好的学习能力、沟通能力、分析能力、文字表达能力，能迅速了解行业知识
3.不定期外派茂名，介意者请勿扰
职能类别：
软件工程师",卓越前海时代广场,https://jobs.51job.com/shenzhen-baq/105253356.html?s=01&t=0
深圳安巽科技有限公司,"
.NET开发工程师","
深圳-福田区|1年经验|本科|招5人|08-14发布",1-2万/月,"1、参与公司软件相关的设计与开发工作，完成软件的核心编码工作
2、参与软件开发和维护过程中重大技术问题的解决
3、负责把客户及公司的需求转换成对应的软件产品或者工具。
任职资格：
1、熟悉以下任意一种语言：Python、.Net进行桌面程序开发或者服务端程序开发；
2、熟悉Winform编程，熟悉多线程、网络编程。有网络爬虫，大数据处理等相关经验者优先；
3、至少熟悉一种关系型数据库
4、学历与专业：计算机相关专业，全日制本科或以上学历，专业知识扎实；
5、专业知识：熟悉软件开发、信息安全、相关知识，对软件项目管理有一定了解；
6、通用技能：细致谨慎，责任心强，动手能力强，思路开拓、肯钻研；
开发环境为windows，主要做各种功能需求的应用程序安全开发
                                            
需要对信息安全、安全开发、桌面开发、编写小程序有浓厚兴趣
有网络爬虫，大数据处理等相关经验者请在简历中表明。
职能类别：
高级软件工程师
关键字：
多线程
桌面开发
安全开发
C#
大数据处理
网络爬虫
Python",深圳市福田区上梅林中康路卓越城二期A座1306A,https://jobs.51job.com/shenzhen-ftq/100279931.html?s=01&t=0
深圳市大疆创新科技有限公司,"
数据工程师","
深圳-南山区|1年经验|硕士|招若干人|08-14发布",1.2-2.4万/月,"岗位职责：
1.搜集和筛选数据源，设计和开发网络爬虫系统；
2.负责网页信息抽取、数据清洗与优化、数据整理与分析等工作；
3.根据项目需求，对数据进行分析得出结论与可视化结果。
4.制作统计报表和日常汇报文档；
5.协助构建团队的数据驱动文化。
任职要求：
1.硕士及以上学历，理工科相关专业；
2.有1~3年数据分析、数据挖掘工作经验；
3.精通Python或Java编程语言、精通SQL统计分析语言；
4.熟悉常见的数据分析方法，熟练使用Excel、SPSS等数据分析工具；
5.能够流利使用英文进行读写交流和工作沟通；
6.具备优秀的学习能力，善于沟通，有强烈的责任感和严谨的工作作风。
职能类别：
数据库工程师/管理员",高新区高新南四道18号创维半导体大厦西座14层,https://jobs.51job.com/shenzhen-nsq/102639114.html?s=01&t=0
深圳市多度科技有限公司,"
技术部经理（邻道传媒）","
深圳-南山区|5-7年经验|大专|招1人|08-16发布",1.5-3万/月,"岗位职责：
1、 具有DMP、SSP、SAAS、舆情平台、爬虫类平台产品开发经验；
2、 具有多个平台全程独立开发经验；
3、 具有工具类APP产品开发经验；
4、 对图片精准识别、区块链技术应有一定的了解或解决方案
5、 熟练掌握python语言；
6、 负责广告舆情平台项目管理和开发；
7、 负责DSP/SSP平台功能模块和接口开发；
8、 负责技术部门组建和团队管理；
9、 协助事业部负责人进行产品开发规划和实施。 
任职资格：
1、大专以上学历；
2、数据算法、软件编程、信息学专业；
3、30岁以上；
4、5年以上平台开发或项目管理经验，须掌握两门以上编程语言，最后工作的两个公司其中一个公司司令须2年以上；
5、有管理部门和团队经验，有舆情监测、DMP、SAAS平台开发经验优先
备注：对图片精准识别、爬虫技术、区块链技术应有一定的了解或解决方案
职能类别：
高级软件工程师
软件工程师
关键字：
DMP
SSP
SAAS
舆情平台
爬虫类",南山区桃源街道留仙大道云谷二期8栋4楼,https://jobs.51job.com/shenzhen-nsq/99187998.html?s=01&t=0
深圳智慧园区信息技术有限公司,"
人工智能数据工程师（代）","
深圳-南山区|3-4年经验|本科|招若干人|08-16发布",1.5-3万/月,"温馨提示：此岗位为智慧园区代未来地图公司发布之岗位，工作地点在南山哦~
岗位职责：
1、负责大规模文本、图像、视频数据的抓取、抽取，去重、分类，垃圾过滤，质量识别等工作。
2、构建和管理以上数据的数据库系统，并为业务推广、销售策略、产品方向的改进，提供数据分析支。                             
                                                             
任职要求：                          
1、具备优秀的编码能力                              
2、有扎实的数据结构和算法功底                              
3、熟悉Python和PHP语言的优先（php或者python可以轻易访问使用）
4、理解http，熟悉html, DOM, xpath优先                              
5、理解数据库原理，理解SQL性能优先                              
6、熟悉浏览器内核优先
7、熟悉使用scrapy或其它爬虫框架，或有爬虫、信息抽取、文本分类相关经验者优先                             
8、工作认真细致踏实，有较强的责任心和学习能力           
职能类别：
大数据开发/分析
其他
关键字：
人工智能
数据",南园枫叶大厦15L,https://jobs.51job.com/shenzhen-nsq/104641175.html?s=01&t=0
深圳市星火电子工程公司,"
后台开发工程师（运维事业部）","
深圳-罗湖区|2年经验|大专|招1人|08-16发布",0.8-1万/月,"1、开发技能要求（后台开发）
▲方向一：
大专及以上学历，3年以上开发经验
熟悉.net/C#开发，撰写相应代码
熟悉powershell、python等脚本语言
熟悉mysql、redis等数据库技术
了解AD、exchange等微软产品的优先，有微软产品二次开发的更佳，有windows系统运维经验的优先
▲方向二：
大专及以上学历，3年以上Python开发经验
2年以上Django、flask等web框架开发经验
熟悉JQuery/HTML/CSS
熟悉Apache nginx等
熟悉mysql、redis等数据库技术
熟悉爬虫技术的优先、熟悉C#语言的优先
以上两个方向，满足任意一个方向即可
2、工作内容：提供甲方自动化运维系统(巡检系统/日志系统/IT小助手)开发服务，包括自动化运维系统功能实现以及相关开发文档整理。
职能类别：
软件工程师
互联网软件开发工程师
关键字：
Rredis
Nginx
.NET/C#
Python
Mysql",深圳市公安局（罗湖区解放路4018号）,https://jobs.51job.com/shenzhen-lhq/105222469.html?s=01&t=0
深圳荣灿大数据技术有限公司,"
数据采集工程师","
深圳-宝安区|1年经验|本科|招1人|08-17发布|普通话精通|计算机信息管理",1-1.5万/月,"岗位职责：
1.负责设计和开发分布式网络爬虫系统；
2.参与爬虫核心算法的策略优化研究，提升网页抓取的效率和质量，解决反爬问题3.参与网页信息抽取、数据清洗等研发和优化工作；任职资格：1. 大学专科及以上学历，1年以上Hadoop平台开发经验。
3. 熟悉linux平台开发，精通Python/Java编程语言中的至少一种；
4. 精通网页抓取原理及技术，熟练使用正则表达式、css path、xpath等，能够从结构化的和非结构化的数据中获取信息;
5 精通任意一种开源爬虫框架，如scrapy、webmagic、nutch、heritrix等等，有开发分布式爬虫系统经验；
6. 有 Redis,kafka，hdfs，mysql开发使用经验优先；
7. 熟悉IP代理池技术，验证码识别技术，广告过滤技术优先来公司，
职能类别：
高级软件工程师",宝安区西乡银田路4号宝安智谷科技园H栋7楼,https://jobs.51job.com/shenzhen-baq/103527053.html?s=01&t=0
深圳市一览网络股份有限公司,"
Java开发工程师","
深圳|2年经验|本科|招1人|08-17发布",1-1.5万/月,"岗位要求： 
1. 本科及以上学历，理工科相关专业，985、211类学校优先； 
2. 有1~3年数据分析、数据挖掘工作经验； 
3. 精通Python或Java编程语言、精通SQL统计分析语言； 
4. 熟悉常见的数据分析方法，熟练使用Excel、SPSS等数据分析工具； 
5. 具备优秀的学习能力，善于沟通，有强烈的责任感和严谨的工作作风。 
岗位职责： 
1. 搜集和筛选数据源，设计和开发网络爬虫系统； 
2. 负责网页信息抽取、数据清洗与优化、数据整理与分析等工作； 
3. 根据项目需求，对数据进行分析得出结论与可视化结果。 
4. 制作统计报表和日常汇报文档； 
5. 协助构建团队的数据驱动文化。 
职能类别：
软件工程师
系统工程师
关键字：
java",深圳市南山区科技园南区深圳湾科技生态园9栋B座7楼18室,https://jobs.51job.com/shenzhen/103493051.html?s=01&t=0
比亚迪股份有限公司,"
大数据高级工程师","
深圳|3-4年经验|本科|招1人|08-17发布",1-2万/月,"岗位职责：
1.负责集团大数据平台管理、维护、优化升级;
2.数据平台推广整合，协助其他事业部接入大数据平台;
3.规范数据接入，制定数据使用准则，监管数据使用，数据加密;
4.元数据管理维护，负责数据接入（ETL工具）;
5.协助业务部门使用相应的平台组件（如KUDU,HIVE）;
6.ES集群管理管理维护;
7.运维相关大数据研究分析.    
任职要求：
1、计算机、电子、数学或者统计学相关本科以上学历，3年以上工作经历；
2、熟悉HADOOP整体架构体系，业务解决方案，架构规划，技术方案，以及后期的平台维护，问题原因查找与解决；
3、数据ES集群部署及维护经验，对搜索引擎有相关从业经验;
4、了解爬虫相关技术堆栈，有相关实施案例;
5、具备MapReduce、HDFS、Hbase、Hive、Pig、Sqoop、Oozie、Flume、Zookeeper、spark等大规模集群的开发、运维经验者优先；
6、掌握Python/Shell/Java中至1种开发语言；
7、了解ETL使用及运维;
8、能维护Hadoop源码，有Hadoop 源代码BUG修复或者源代码优化经验者优先；
9、熟悉ganglia/salt/puppet等监控和管理工具；
10、了解oracle、myaql、redis等数据库技术，具有一定的数据库运维管理经验。
职能类别：
系统集成工程师
数据库工程师/管理员",坪山新区比亚迪路,https://jobs.51job.com/shenzhen/98410566.html?s=01&t=0
深圳市智慧银杏网络科技有限公司,"
研究经理","
深圳-南山区|2年经验|本科|招4人|08-17发布",18-30万/年,"【所属部门】资道研究所
资道研究所是由董事长亲自带领的核心部门。
【岗位职责】
1、 从事研究工作；
2、 独立完成并购重组案例数据与素材准备，解读案例，筛选、甄别、评价案例； 
3、 负责深度研究报告的产出，培养自己在某个领域（互联网、金融等）的敏锐度和洞察力，并配合完成其他资本市场领域的课程的生产、研究工作；
4、 协助完成一二级市场相关的数据库模型的开发，任用统计模型进行分析，形成专题统计报告，并配合完成研究所的其他工作。
【工作要求】
1、 责任心强，踏实认真，工作细致严谨，热爱研究工作；
2、 有强烈好奇心和自我驱动力，善于思考，良好的数理统计、逻辑思维能力；
3、 经济金融财会相关专业硕士以上学历，熟悉资本市场、金融、银行、证券、保险等领域；
4、 有证券/基金/会计从业资格，通过CPA/CFA/ACCA等考试优先考虑；
5、 熟悉Stata、SAS统计软件，熟悉Python数据爬虫软件优先考虑；
6、 有券商研究所、投行、会计师事务所、律师事务所、私募基金相关工作经验者优先。
【薪酬待遇】年薪
18-30
万，每年
一次股权激励计划
职能类别：
金融/经济研究员
关键字：
资本市场
行业研究
IPO并购重组",深圳湾科技生态园2栋B座505,https://jobs.51job.com/shenzhen-nsq/103094727.html?s=01&t=0
深圳中科世界机器人有限公司,"
深度学习型算法工程师","
深圳-宝安区|2年经验|硕士|招1人|08-17发布",1-2万/月,"岗位职责:
1. 负责深度学习，机器学习等前沿技术的研发；
2. 负责数据库的框架设计开发及维护；
3. 根据设计文档或需求说明完成代码编写，调试，测试和维护，分析并解决软件开发过程中的问题。
任职资格：
1. 硕士以上学历，计算机应用相关专业，5年以上工作经验；
2. 精通java语言，熟悉J2EE架构，熟练掌握JSP、Servlet、JavaBean、XML、 HTML、CSS、JavaScript，jQuery等WEB开发技术；
3. 熟练使用Tomcat、MyEclipse、SVN开发工具；
4. 熟练掌握SqlServer、Oracle等关系数据库中至少1种或多种，了解SQL优化；
5. 精通python爬虫技术；
6. 熟悉 tcp/ip,socket,http通讯协议；
7. 良好的编码规范，能吃苦，有较强的学习能力、团队合作能力和沟通能力，有过大型互联网应用的开发经验优先考虑；
8. 2年以上Java后台项目开发经验，对工作有强烈责任心、有团队意识。
9. 有人工智能开发经验者优先。
   
职能类别：
算法工程师
关键字：
深度学习
算法工程师",凤凰社区兴业三路7号美盈智汇创新园A6栋101,https://jobs.51job.com/shenzhen-baq/103121804.html?s=01&t=0
深圳市弘长科技有限公司,"
Python开发工程师","
深圳-南山区|1年经验|本科|招3人|08-18发布",1-1.5万/月,"1. 2年以上Python开发经验，熟悉网络爬虫或数据处理和分析相关的开发；
2. 负责web数据采集相关的开发，熟悉web数据的抓取、解析等开发工作，有一定数据清洗和分析基础；
3. 熟悉应对反爬策略的方式方法，并有成功绕过反爬策略的案例；
4. 具有很强的技术钻研能力。
任职资格:
1. 精通python，scrapy，pyspider，Selenium 等框架，深入研究过scrapy，pyspider框架的源码，并能对scrapy，pyspider框架的源码进行修改和优化；
2. 熟悉网络抓包工具，熟悉使用正则表达式；熟悉HTTP传输协议，能模拟各类操作进行数据的爬取；
3. 了解数据清洗和分析相关的工具，了解大数据分析；
4. 具有较强的分析和解决问题能力，以解决技术难题为乐趣，有想法，敢于挑战；
5. 熟悉MySQL、mongodb、有数据库开发经验者优先，有 GitHub 地址或技术博客地址者优先。
职能类别：
软件工程师
互联网软件开发工程师
关键字：
python
数据爬虫",深圳市南山区数字文化产业基地东塔1306,https://jobs.51job.com/shenzhen-nsq/102988239.html?s=01&t=0
深圳市前海房极客网络科技有限公司,"
爬虫开发工程师","
深圳-南山区|2年经验|本科|招1人|08-18发布",1-2万/月,"岗位职责：
1. 参与爬虫服务架构的设计和研发；
2. 负责开发爬虫系统，完成数据采集与爬取、解析处理、入库及备份等数据日常工作；
3. 研究各种网页探寻特点和规律，负责网页信息抽取、数据清洗等研发和优化工作；
4. 负责抽取算法和数据库建模的调研和设计，保证抽取、去重、分类、解析、增量融合入库等流程之后的数据结果；
5. 对反爬机制有研究，有能力破解复杂图片验证码/账号限制/ip限制。
 
任职要求：
1. 掌握Python语言。至少2年以上爬虫、搜索、数据库建模的开发经验。有scrapy项目经验加分；
2. 熟悉多种网络协议，HTML、Xpath表达式，css选择器；
3. 掌握数据库：MySQL，Redis，MongoDB等；
4. 掌握以下开发工具：Git，Jenkins，Docker等；
5. 熟悉Linux系统；
6. 具有分布式、多线程/协程/进程的编程经验，有可证明的良好编码习惯，github有个人项目加分；
7. 良好的沟通能力、团队合作精神。认真负责、具有高度责任感。积极面对工作，发挥主观能动性解决问题，优秀的学习能力。
职能类别：
算法工程师
关键字：
高级
数据挖掘
算法
模式识别
反作弊",深圳市南山区海信南方大厦18层,https://jobs.51job.com/shenzhen-nsq/102235678.html?s=01&t=0
深圳市卓达电子有限公司,"
PHP PYTHON开发工程师","
深圳|2年经验|大专|招2人|08-18发布|计算机科学与技术 软件工程",0.8-2万/月,"1.3年以上的php后端开发经验；
2.熟悉linux服务器、相关环境的部署和维护、已经相关的优化，熟练掌握Shell脚本语言；
3.1年以上python开发经验，熟悉Scrapy redis等相关分布采集等部署；
4.能够懂编写按键精灵代码，实现简单的自动化程序操作（能使用python来做自动化操作者优先）；
5.熟悉Mysql,PostgreSQL等关系型数据库，以及mongodb等非关系型数据库,能熟练编写调试sql语句、存储过程，索引、性能优化；
6. 逻辑清晰，头脑灵活，表达能力强；
7.本科及以上学历。
职能类别：
互联网软件开发工程师
软件工程师
关键字：
全栈工程师
软件工程师
PHP工程师
Python工程师
互联网工程师
爬虫程序员
数据程序员",深圳市宝安区新安三路陆氏工业大厦西座3楼西（洪浪北地铁站C出口附近）,https://jobs.51job.com/shenzhen/102521461.html?s=01&t=0
成都迈思信息技术有限公司,"
爬虫开发工程师（会java）","
深圳|2年经验|大专|招若干人|08-18发布",1-1.5万/月,"爬虫开发工程师
职位描述：
1、负责设计和开发分布式的网络爬虫应用，进行互联网相关信息的抓取和分析；
2、完成定向数据的采集与爬取、解析处理、入库等数日常工作；
3、维护、优化现有的采集程序，提升爬虫的抓取效率和质量;
4、协助完成需求收集、分析，测试和部署，编写开发过程中涉及的相关文档。
任职要求：
1、具备Java两年以上开发经验，Java基础扎实，具备爬虫开发经验；
2、熟悉Java网络爬虫框架（electron、jsoup、Selenium、HttpClient、HtmlUnit等至少一种）；
3、熟练掌握HTML、CSS、Javascript等页面技术，熟悉angularjs；
4、熟练使用正则表达式、xpath、css选择器等页面提取方式，能够从结构化的和非结构化的数据中提取信息；
5、熟悉MySQL，MongoDB，oracle等数据库至少其中一种，熟悉SQL语言；
6、熟悉redis、RabbitMQ等消息中间件技术；
7、熟悉反爬虫技术，了解反爬机制；
8、熟悉应用服务器，熟悉Tomcat、Apache的配置及其优化；
9、熟悉ssh等常用框架，多线程、网络通信编程相关知识；
10、掌握linux基本操作，有python、nodejs相关经验者优先；
11、对APP采集有经验（包括抓包工具，APP模拟器等）者优先；
12、具有较强的分析和解决问题能力，有责任心，积极主动。
备注：以上2~11要求满足5条以上即可
职能类别：
软件工程师
关键字：
java
Python
网络爬虫
反爬虫技术",福田区,https://jobs.51job.com/shenzhen/102884773.html?s=01&t=0
深圳市泽林软件技术有限公司,"
Python高级DevOps工程师","
深圳-南山区|无工作经验|本科|招若干人|08-18发布",1.5-2.5万/月,"工作职责：
1、负责Python产品线教研教学相关工作，包括但不局限于授课、课程体系优化等。
2、配合相关就业、招生部分相关工作，包括但不局限于就业辅导、公开课宣讲等。
任职要求：
1、至少3年以上Python编程经验
2、精通Python全栈开发，精通Django Web框架
3、深刻理解计算机原理，有良好的数据结构和算法基础
4、熟悉面向对象程序设计方法
5、熟练数据库表设计、SQL语法，熟练MySQL数据库
6、熟练web前端技能, 包括html/css/javascript/jquery/boostrap
7、熟练Linux环境开发，熟练使用SHELL命令和脚本语言
8、熟练基于Linux应用程序的管理和配置，如Docker、Redis、GitLab、Ansible、Nginx、Zabbix、Jenkins等
9、有Python网络爬虫相关开发经验优先
10、具备大型网站或高并发系统开发、设计工作经验者优先职能类别：
高级软件工程师",科技园铜鼓路39号大冲国际中心5号楼13层,https://jobs.51job.com/shenzhen-nsq/91678545.html?s=01&t=0
深圳市中投兴业有限公司,"
Python爬虫工程师","
深圳-南山区|1年经验|本科|招3人|08-17发布",1-1.5万/月,"岗位职责：
1，负责爬虫系统的框架设计和开发，完成采集任务、多线程爬虫；
2、设计各种算法，提升抓取效果；
3、对互联网海量业务进行整合、分析挖掘；
4、与技术团队进行沟通，负责爬虫数据与业务系统的整合对接
                    
岗位要求：
1、掌握网络爬虫开发原理，对互联网各种类型数据交互模式熟悉，知道如何处理需登录网站、动态网页等各种情况下的数据采集方法。
2、精通html语言，熟悉开源工具，熟悉基于正则表达式、XPath等的信息抽取技术。
3、有网络爬虫开发经验、有scrapy等开源抓取工具开发经验优先。
4、熟悉至少一种关系型数据库（Mysql等）
职能类别：
软件工程师
数据库工程师/管理员",科技园科苑西工业区25栋618室,https://jobs.51job.com/shenzhen-nsq/102099442.html?s=01&t=0
深圳市动车电气股份有限公司,"
爬虫Python  数据分析、挖掘工程师","
深圳-龙岗区|3-4年经验|本科|招1人|08-17发布|计算机应用 数学与应用数学",1-1.8万/月,"岗位职责：
1、 负责设计、开发、部署、维护分布式网络爬虫系统，参与数据爬取平台相关工具平台的架构设计与产品开发等工作；为公司业务提供正确稳定的数据分析结果；
2、 参与数据层建设，专注于基础数据采集平台建设，研究指定网页特点和规律，负责网页信息采集，文档识别及提取、数据清洗加工整理（ETL），结果产出（可视化）等研发和优化工作；
3、设计爬取、调度和抽取算法，优化系统；
4、负责抓取数据的深刻提取和挖掘；
5、针对不同网站的反爬虫技术提出有效的应对策略，提升网页抓取的效率和质量。
任职要求：
1、本科以上学历，计算机，软件工程相关专业
2、1-3年PHP、Spider爬虫、python,java等爬虫抓取开发经验，熟悉mongodb，Redis，mysql，SQL Server等数据库技术
3、熟悉网页抓取原理及技术，熟悉基于Cookie的网站登录原理。精通正则表达式，从结构化的和非结构化的数据中获取信息；熟悉基于正则表达/Xpath/CSS等网页信息提取。
4、熟悉html/js/css等前端技术优先；；
5、具有良好的逻辑分析能力、学习能力、沟通能力和协作能力；具有积极的工作态度，勤奋上进，有责任心，独立解决问题的能力。
6、 擅长，数据分析，数据统计，数据挖掘，数据建模，数据可视化输出。

职能类别：
高级软件工程师
软件工程师
关键字：
数据分析
/
数据统计
/
数据挖掘
/
数据建模",坂田地铁站B出口 动车国际大厦,https://jobs.51job.com/shenzhen-lgq/104929345.html?s=01&t=0
深圳讯腾软件技术有限公司,"
(急聘) python爬虫开发工程师","
深圳-南山区|无工作经验|大专|招2人|08-18发布",4.5-6千/月,"1. 对互联网行业有浓厚兴趣，年龄20-30周岁
2. 应届毕业生亦可(有人带)，有python爬虫开发基础优先录用
3. 工作认真、细致、敬业，责任心强，能快速融入团队
4. 想获得一份有长远发展、稳定、有晋升空间的工作
福利待遇：
1.  薪水：具有行业竞争力薪水，底薪+提成+项目奖金+年底双薪；
2.  福利：住房公积金、养老、医疗、工伤、失业、生育；
3.  假期：享有多天带薪年假，法定节假日休息和国家规定一致；
4.  旅游户外活动：公司不定期会为员工组织户外活动、旅游活动。职能类别：
互联网软件开发工程师
软件工程师
关键字：
python
python开发
爬虫
python爬虫
软件开发",南山科技园,https://jobs.51job.com/shenzhen-nsq/104404612.html?s=01&t=0
深圳市祺浩达科技有限公司,"
初级Python开发工程师-爬虫","
深圳-南山区|1年经验|大专|招1人|08-18发布",5-8千/月,"1、遵守开发流程和编程规范，根据项目需求，实现应用程序设计、编码和调试；
2、编制软件开发过程相关技术文档。
任职要求：
1、大专及以上学历，理工科或计算机专业优先；
2、至少额外熟悉c，C++，Java中的一门语言；
3、对计算机算法相关知识，面向对象设计与分析、数据库理论及相关数据库软件的使用等方面有一定的理解和掌握；
注：应届生可放宽技能要求
福利待遇：
1、签订正式劳动合同，公司提供宿舍或住房补贴。
2、五险一金，周末双休，七小时工作制，无加班。
3、工资：实习期底薪+项目提成，独立上岗薪资5000-8000元，项目绩效，多劳多得上不封顶。
公司提供良好的晋升空间，合理的薪资制度，因公司发展需要也可接受实习生，公司提供完善的技术支持。
职能类别：
软件工程师
储备干部
关键字：
Python开发
初级工程师
储备干部
五险一金",高新园地铁站A出口,https://jobs.51job.com/shenzhen-nsq/104845311.html?s=01&t=0
深圳可链科技有限公司,"
python数据爬虫工程师","
深圳-南山区|2年经验|本科|招若干人|08-18发布",1.5-2万/月,"岗位职责：
负责海量数据的抓取，抽取、消重、分类、聚类、过滤等架构的设计与实现； 
及时响应业务内容的技术需求变更；  
负责基于Docker的容器云平台的设计、部署、配置及维护； 
 
职位要求：
熟悉爬虫 /搜索系统，有过海量数据爬虫 /搜索系统设计经验者；
熟悉docker的常用操作，对docker的网络、存储、安全有深入的理解；
熟练掌握Linux系统的操作和维护，具有一定的Shell等脚本编程能力，熟悉常用开源项目  
可以接受高强度工作
职能类别：
数据库工程师/管理员",软件产业基地2栋C座1204,https://jobs.51job.com/shenzhen-nsq/105681402.html?s=01&t=0
深圳市爱美购科技有限公司,"
软件开发工程师(Python数据爬虫)","
深圳-南山区|2年经验|本科|招2人|08-18发布|英语良好",0.8-1.6万/月,"工作职责：
1.开发网页自动化脚本；
2.负责商品信息结构化，编写自动化脚本解析网页信息；
3.商品索引系统：亿级SKU的库存价格实时跟踪同步，并对商品进行智能分类、本地化、图片处理和去重；
4.设计、开发、测试、部署以及维护并改进各子系统；
5.管理项目优先级并按时交付。
职位要求：
1.全日制统招本科、硕士毕业（985/211优先），2年以上软件开发工作经验；
2.熟悉至少一门通用静态编译编程语言，C/C++/Java/C#/Go；
3.熟悉Web端基础标准，包括HTML、CSS、Javascript、Json等；
4.熟悉Python或其他脚本语言，有兴趣和能力根据需求学习其他编程语言；
5.熟悉Unix/Linux环境，Memcache/Redis/MongoDB等存储系统，能独立设计开发包括前后端交互的业务子系统；
6.熟悉常见的设计模式、单元测试、持续开发集成、Code Review，并能在日常工作践行；
7.了解搜索引擎、电子商务、社交类应用的系统基本架构，能对已有的子系统进行优化调整的优先；
8.活跃的开源项目贡献者优先。
职能类别：
互联网软件开发工程师
软件工程师
关键字：
爬虫
数据
Python
JS
Javascript
Go
自动化脚本
信息结构化
商品索引
亿级SKU",科兴科学园,https://jobs.51job.com/shenzhen-nsq/101492507.html?s=01&t=0
深圳前海帕拓逊网络技术有限公司,"
python爬虫工程师(职位编号：patuoxun000600)","
深圳-龙岗区|1年经验|本科|招1人|08-18发布",1-1.5万/月,"1. 2年以上Python开发经验，熟悉网络爬虫或数据处理和分析相关的开发；
2. 负责web数据采集相关的开发，熟悉web数据的抓取、解析等开发工作，有一定数据清洗和分析基础；
3. 熟悉应对反爬策略的方式方法，并有成功绕过反爬策略的案例；
4. 具有很强的技术钻研能力。
任职资格:
1. 精通python，scrapy，pyspider，Selenium 等框架，深入研究过scrapy，pyspider框架的源码，并能对scrapy，pyspider框架的源码进行修改和优化；
2. 熟悉网络抓包工具，熟悉使用正则表达式；熟悉HTTP传输协议，能模拟各类操作进行数据的爬取；
3. 了解数据清洗和分析相关的工具，了解大数据分析；
4. 具有较强的分析和解决问题能力，以解决技术难题为乐趣，有想法，敢于挑战；
5. 熟悉MySQL、mongodb、有数据库开发经验者优先，有 GitHub 地址或技术博客地址者优先。
部门特色亮点：
1，部门采用OKR（目标与关键结果）管理，每次OKR达成之后奖励3天的带薪假期；
2，使用游戏币对员工进行激励，员工之间可以相互点赞并发数字币，数字币可以兑换为礼品；
3，使用看板管理，所有的价值及任务流通都通过物理看板及电子看板进行管理，真正的敏捷开发；
4，20人技术团队，团队核心成员来自唯品会，360等大公司。
项目介绍：
和技术团队一起参与完成每天上千万次抓取量的抓取服务实战，参与数据采集，数据清洗，结构化等步骤最后让数据用来做商业分析的整个过程。如果您是大神，可以来这里一展所学；如果你是初学者，来这里感受什么是极速成长。
职能类别：
软件工程师
高级软件工程师",五和大道南49号金方华电商产业园6栋B102,https://jobs.51job.com/shenzhen-lgq/88553405.html?s=01&t=0
